province,name,zip_code,area_code
"上海市","嘉定区",201800,021
"上海市","奉贤区",201400,021
"上海市","宝山区",201900,021
"上海市","崇明区",201100,021
"上海市","徐汇区",200000,021
"上海市","普陀区",200300,021
"上海市","杨浦区",200000,021
"上海市","松江区",201600,021
"上海市","浦东新区",200100,021
"上海市","虹口区",200000,021
"上海市","金山区",201500,021
"上海市","长宁区",200000,021
"上海市","闵行区",201100,021
"上海市","青浦区",201700,021
"上海市","静安区",200000,021
"上海市","黄浦区",200000,021
"云南省","丘北县",663200,0876
"云南省","东川区",654100,0871
"云南省","个旧市",661000,0873
"云南省","临翔区",677000,0883
"云南省","云县",675800,0883
"云南省","云龙县",672700,0872
"云南省","五华区",650000,0871
"云南省","会泽县",654200,0874
"云南省","元江哈尼族彝族傣族自治县",653300,0877
"云南省","元谋县",651300,0878
"云南省","元阳县",662400,0873
"云南省","兰坪白族普米族自治县",671400,0886
"云南省","凤庆县",675900,0883
"云南省","剑川县",671300,0872
"云南省","勐海县",666200,0691
"云南省","勐腊县",666300,0691
"云南省","华坪县",674800,0888
"云南省","华宁县",652800,0877
"云南省","南华县",675200,0878
"云南省","南涧彝族自治县",675700,0872
"云南省","双柏县",675100,0878
"云南省","双江拉祜族佤族布朗族傣族自治县",677300,0883
"云南省","古城区",674100,0888
"云南省","呈贡区",650500,0871
"云南省","大关县",657400,0870
"云南省","大姚县",675400,0878
"云南省","大理市",671000,0872
"云南省","姚安县",675300,0878
"云南省","威信县",657900,0870
"云南省","孟连傣族拉祜族佤族自治县",665800,0879
"云南省","宁洱哈尼族彝族自治县",665100,0879
"云南省","宁蒗彝族自治县",674300,0888
"云南省","安宁市",650300,0871
"云南省","官渡区",650200,0871
"云南省","宜良县",652100,0871
"云南省","宣威市",655400,0874
"云南省","宾川县",671600,0872
"云南省","富宁县",663400,0876
"云南省","富民县",650400,0871
"云南省","富源县",655500,0874
"云南省","寻甸回族彝族自治县",655200,0871
"云南省","屏边苗族自治县",661200,0873
"云南省","峨山彝族自治县",653200,0877
"云南省","嵩明县",651700,0871
"云南省","巍山彝族回族自治县",672400,0872
"云南省","巧家县",654600,0870
"云南省","师宗县",655700,0874
"云南省","广南县",663300,0876
"云南省","建水县",654300,0873
"云南省","开远市",661600,0873
"云南省","弥勒市",652300,0873
"云南省","弥渡县",675600,0872
"云南省","彝良县",657600,0870
"云南省","德钦县",674500,0887
"云南省","思茅区",665000,0879
"云南省","文山市",663000,0876
"云南省","新平彝族傣族自治县",653400,0877
"云南省","施甸县",678200,0875
"云南省","昌宁县",678100,0875
"云南省","易门县",651100,0877
"云南省","昭阳区",657000,0870
"云南省","晋宁区",650600,0871
"云南省","景东彝族自治县",676200,0879
"云南省","景洪市",666100,0691
"云南省","景谷傣族彝族自治县",666400,0879
"云南省","梁河县",679200,0692
"云南省","楚雄市",675000,0878
"云南省","武定县",651600,0878
"云南省","水富市",657800,0870
"云南省","永仁县",651400,0878
"云南省","永善县",657300,0870
"云南省","永平县",672600,0872
"云南省","永德县",677600,0883
"云南省","永胜县",674200,0888
"云南省","江城哈尼族彝族自治县",665900,0879
"云南省","江川区",652600,0877
"云南省","沧源佤族自治县",677400,0883
"云南省","河口瑶族自治县",661300,0873
"云南省","沾益区",655300,0874
"云南省","泸水市",673200,0886
"云南省","泸西县",652400,0873
"云南省","洱源县",671200,0872
"云南省","漾濞彝族自治县",672500,0872
"云南省","澄江市",652500,0877
"云南省","澜沧拉祜族自治县",665600,0879
"云南省","牟定县",675500,0878
"云南省","玉龙纳西族自治县",674100,0888
"云南省","瑞丽市",678600,0692
"云南省","盈江县",679300,0692
"云南省","盐津县",657500,0870
"云南省","盘龙区",650200,0871
"云南省","石屏县",662200,0873
"云南省","石林彝族自治县",652200,0871
"云南省","砚山县",663100,0876
"云南省","祥云县",672100,0872
"云南省","禄丰市",651200,0878
"云南省","禄劝彝族苗族自治县",651500,0871
"云南省","福贡县",673400,0886
"云南省","红塔区",653100,0877
"云南省","红河县",654400,0873
"云南省","绥江县",657700,0870
"云南省","维西傈僳族自治县",674600,0887
"云南省","绿春县",662500,0873
"云南省","罗平县",655800,0874
"云南省","耿马傣族佤族自治县",677500,0883
"云南省","腾冲市",679100,0875
"云南省","芒市",678400,0692
"云南省","蒙自市",661100,0873
"云南省","西山区",650100,0871
"云南省","西畴县",663500,0876
"云南省","西盟佤族自治县",665700,0879
"云南省","贡山独龙族怒族自治县",673500,0886
"云南省","通海县",652700,0877
"云南省","金平苗族瑶族傣族自治县",661500,0873
"云南省","镇康县",677700,0883
"云南省","镇沅彝族哈尼族拉祜族自治县",666500,0879
"云南省","镇雄县",657200,0870
"云南省","陆良县",655600,0874
"云南省","陇川县",678700,0692
"云南省","隆阳区",678000,0875
"云南省","香格里拉市",674400,0887
"云南省","马关县",663700,0876
"云南省","马龙区",655100,0874
"云南省","鲁甸县",657100,0870
"云南省","鹤庆县",671500,0872
"云南省","麒麟区",655000,0874
"云南省","麻栗坡县",663600,0876
"云南省","墨江哈尼族自治县",654800,0879
"云南省","龙陵县",678300,0875
"内蒙古自治区","东乌珠穆沁旗",026300,0479
"内蒙古自治区","东河区",014000,0472
"内蒙古自治区","东胜区",017000,0477
"内蒙古自治区","丰镇市",012100,0474
"内蒙古自治区","临河区",015000,0478
"内蒙古自治区","乌兰浩特市",137400,0482
"内蒙古自治区","乌审旗",017300,0477
"内蒙古自治区","乌拉特中旗",015300,0478
"内蒙古自治区","乌拉特前旗",014400,0478
"内蒙古自治区","乌拉特后旗",015500,0478
"内蒙古自治区","乌达区",016000,0473
"内蒙古自治区","九原区",014000,0472
"内蒙古自治区","二连浩特市",011100,0479
"内蒙古自治区","五原县",015100,0478
"内蒙古自治区","伊金霍洛旗",017200,0477
"内蒙古自治区","元宝山区",024000,0476
"内蒙古自治区","克什克腾旗",025300,0476
"内蒙古自治区","兴和县",013600,0474
"内蒙古自治区","准格尔旗",010300,0477
"内蒙古自治区","凉城县",013700,0474
"内蒙古自治区","化德县",013300,0474
"内蒙古自治区","卓资县",012300,0474
"内蒙古自治区","和林格尔县",011500,0471
"内蒙古自治区","商都县",013400,0474
"内蒙古自治区","喀喇沁旗",024400,0476
"内蒙古自治区","四子王旗",011800,0474
"内蒙古自治区","回民区",010000,0471
"内蒙古自治区","固阳县",014200,0472
"内蒙古自治区","土默特右旗",014100,0472
"内蒙古自治区","土默特左旗",010100,0471
"内蒙古自治区","多伦县",027300,0479
"内蒙古自治区","太仆寺旗",027000,0479
"内蒙古自治区","奈曼旗",028300,0475
"内蒙古自治区","宁城县",024200,0476
"内蒙古自治区","察哈尔右翼中旗",013500,0474
"内蒙古自治区","察哈尔右翼前旗",012200,0474
"内蒙古自治区","察哈尔右翼后旗",012400,0474
"内蒙古自治区","巴林右旗",025100,0476
"内蒙古自治区","巴林左旗",025400,0476
"内蒙古自治区","库伦旗",028200,0475
"内蒙古自治区","开鲁县",028400,0475
"内蒙古自治区","扎兰屯市",162600,0470
"内蒙古自治区","扎赉特旗",137600,0482
"内蒙古自治区","扎赉诺尔区",021400,0470
"内蒙古自治区","扎鲁特旗",029100,0475
"内蒙古自治区","托克托县",010200,0471
"内蒙古自治区","敖汉旗",024300,0476
"内蒙古自治区","新城区",010000,0471
"内蒙古自治区","新巴尔虎右旗",021300,0470
"内蒙古自治区","新巴尔虎左旗",021200,0470
"内蒙古自治区","昆都仑区",014000,0472
"内蒙古自治区","杭锦后旗",015400,0478
"内蒙古自治区","杭锦旗",017400,0477
"内蒙古自治区","松山区",024000,0476
"内蒙古自治区","林西县",025200,0476
"内蒙古自治区","根河市",022300,0470
"内蒙古自治区","正蓝旗",027200,0479
"内蒙古自治区","正镶白旗",013800,0479
"内蒙古自治区","武川县",011700,0471
"内蒙古自治区","海勃湾区",016000,0473
"内蒙古自治区","海南区",016000,0473
"内蒙古自治区","海拉尔区",021000,0470
"内蒙古自治区","清水河县",011600,0471
"内蒙古自治区","满洲里市",021400,0470
"内蒙古自治区","牙克石市",022100,0470
"内蒙古自治区","玉泉区",010000,0471
"内蒙古自治区","白云鄂博矿区",014000,0472
"内蒙古自治区","石拐区",014000,0472
"内蒙古自治区","磴口县",015200,0478
"内蒙古自治区","科尔沁区",028100,0475
"内蒙古自治区","科尔沁右翼中旗",029400,0482
"内蒙古自治区","科尔沁右翼前旗",137700,0482
"内蒙古自治区","科尔沁左翼中旗",029300,0475
"内蒙古自治区","科尔沁左翼后旗",028100,0475
"内蒙古自治区","突泉县",137500,0482
"内蒙古自治区","红山区",024000,0476
"内蒙古自治区","翁牛特旗",024500,0476
"内蒙古自治区","苏尼特右旗",011200,0479
"内蒙古自治区","苏尼特左旗",011300,0479
"内蒙古自治区","莫力达瓦达斡尔族自治旗",162800,0470
"内蒙古自治区","西乌珠穆沁旗",026200,0479
"内蒙古自治区","赛罕区",010000,0471
"内蒙古自治区","达尔罕茂明安联合旗",014500,0472
"内蒙古自治区","达拉特旗",014300,0477
"内蒙古自治区","鄂伦春自治旗",165400,0470
"内蒙古自治区","鄂托克前旗",016200,0477
"内蒙古自治区","鄂托克旗",016100,0477
"内蒙古自治区","鄂温克族自治旗",021100,0470
"内蒙古自治区","锡林浩特市",026000,0479
"内蒙古自治区","镶黄旗",013200,0479
"内蒙古自治区","阿尔山市",137800,0482
"内蒙古自治区","阿巴嘎旗",011400,0479
"内蒙古自治区","阿拉善右旗",737300,0483
"内蒙古自治区","阿拉善左旗",750300,0483
"内蒙古自治区","阿荣旗",162700,0470
"内蒙古自治区","阿鲁科尔沁旗",025500,0476
"内蒙古自治区","陈巴尔虎旗",021500,0470
"内蒙古自治区","集宁区",012000,0474
"内蒙古自治区","霍林郭勒市",029200,0475
"内蒙古自治区","青山区",014000,0472
"内蒙古自治区","额尔古纳市",022200,0470
"内蒙古自治区","额济纳旗",735400,0483
"北京市","东城区",100000,010
"北京市","丰台区",100000,010
"北京市","大兴区",102600,010
"北京市","密云区",101500,010
"北京市","平谷区",101200,010
"北京市","延庆区",102100,010
"北京市","怀柔区",101400,010
"北京市","房山区",102400,010
"北京市","昌平区",102200,010
"北京市","朝阳区",100000,010
"北京市","海淀区",100000,010
"北京市","石景山区",100000,010
"北京市","西城区",100000,010
"北京市","通州区",101100,010
"北京市","门头沟区",102300,010
"北京市","顺义区",101300,010
"吉林省","东丰县",136300,0437
"吉林省","东昌区",134000,0435
"吉林省","东辽县",136600,0437
"吉林省","丰满区",132000,0432
"吉林省","临江市",134600,0439
"吉林省","九台区",130500,0431
"吉林省","乾安县",131400,0438
"吉林省","二道区",130000,0431
"吉林省","二道江区",134000,0435
"吉林省","伊通满族自治县",130700,0434
"吉林省","公主岭市",136100,0431
"吉林省","农安县",130200,0431
"吉林省","前郭尔罗斯蒙古族自治县",131100,0438
"吉林省","南关区",130000,0431
"吉林省","双辽市",136400,0434
"吉林省","双阳区",130600,0431
"吉林省","和龙市",133500,0433
"吉林省","图们市",133100,0433
"吉林省","大安市",131300,0436
"吉林省","宁江区",138000,0438
"吉林省","安图县",133600,0433
"吉林省","宽城区",130000,0431
"吉林省","延吉市",133000,0433
"吉林省","德惠市",130300,0431
"吉林省","扶余市",131200,0438
"吉林省","抚松县",134500,0439
"吉林省","敦化市",133700,0433
"吉林省","昌邑区",132000,0432
"吉林省","朝阳区",130000,0431
"吉林省","柳河县",135300,0435
"吉林省","桦甸市",132400,0432
"吉林省","梅河口市",135000,0435
"吉林省","梨树县",136500,0434
"吉林省","榆树市",130400,0431
"吉林省","永吉县",132100,0432
"吉林省","江源区",134700,0439
"吉林省","汪清县",133200,0433
"吉林省","洮北区",137000,0436
"吉林省","洮南市",137100,0436
"吉林省","浑江区",134300,0439
"吉林省","珲春市",133300,0433
"吉林省","磐石市",132300,0432
"吉林省","绿园区",130000,0431
"吉林省","舒兰市",132600,0432
"吉林省","船营区",132000,0432
"吉林省","蛟河市",132500,0432
"吉林省","西安区",136200,0437
"吉林省","辉南县",135100,0435
"吉林省","通化县",134100,0435
"吉林省","通榆县",137200,0436
"吉林省","铁东区",136000,0434
"吉林省","铁西区",136000,0434
"吉林省","镇赉县",137300,0436
"吉林省","长岭县",131500,0438
"吉林省","长白朝鲜族自治县",134400,0439
"吉林省","集安市",134200,0435
"吉林省","靖宇县",135200,0439
"吉林省","龙井市",133400,0433
"吉林省","龙山区",136200,0437
"吉林省","龙潭区",132000,0432
"四川省","万源市",636300,0818
"四川省","三台县",621100,0816
"四川省","东兴区",641100,0832
"四川省","东区",617000,0812
"四川省","东坡区",620000,028
"四川省","中江县",618100,0838
"四川省","丹巴县",626300,0836
"四川省","丹棱县",620200,028
"四川省","乐至县",641500,028
"四川省","九寨沟县",623400,0837
"四川省","九龙县",626200,0836
"四川省","五通桥区",614800,0833
"四川省","井研县",613100,0833
"四川省","什邡市",618400,0838
"四川省","仁和区",617000,0812
"四川省","仁寿县",620500,028
"四川省","仪陇县",637600,0817
"四川省","会东县",615200,0834
"四川省","会理市",615100,0834
"四川省","兴文县",644400,0831
"四川省","冕宁县",615600,0834
"四川省","利州区",628000,0839
"四川省","前锋区",638000,0826
"四川省","剑阁县",628300,0839
"四川省","北川羌族自治县",622700,0816
"四川省","华蓥市",638600,0826
"四川省","南江县",636600,0827
"四川省","南溪区",644100,0831
"四川省","南部县",637300,0817
"四川省","双流区",610200,028
"四川省","叙州区",644600,0831
"四川省","叙永县",646400,0830
"四川省","古蔺县",646500,0830
"四川省","合江县",646200,0830
"四川省","名山区",625100,0835
"四川省","喜德县",616700,0834
"四川省","嘉陵区",637900,0817
"四川省","壤塘县",624300,0837
"四川省","大安区",643000,0813
"四川省","大竹县",635100,0818
"四川省","大英县",629300,0825
"四川省","大邑县",611300,028
"四川省","天全县",625500,0835
"四川省","夹江县",614100,0833
"四川省","威远县",642400,0832
"四川省","宁南县",615400,0834
"四川省","安居区",629000,0825
"四川省","安岳县",642300,028
"四川省","安州区",622600,0816
"四川省","宝兴县",625700,0835
"四川省","宣汉县",636100,0818
"四川省","富顺县",643200,0813
"四川省","射洪市",629200,0825
"四川省","小金县",624200,0837
"四川省","屏山县",645300,0831
"四川省","岳池县",638300,0826
"四川省","峨眉山市",614200,0833
"四川省","峨边彝族自治县",614300,0833
"四川省","崇州市",611200,028
"四川省","巴塘县",627600,0836
"四川省","巴州区",636000,0827
"四川省","市中区",641000,0832
"四川省","市中区",614000,0833
"四川省","布拖县",616300,0834
"四川省","平昌县",636400,0827
"四川省","平武县",622500,0816
"四川省","乡城县",627800,0836
"四川省","广安区",638000,0826
"四川省","广汉市",618300,0838
"四川省","康定市",626000,0836
"四川省","开江县",636200,0818
"四川省","彭山区",620800,028
"四川省","彭州市",611900,028
"四川省","得荣县",627900,0836
"四川省","德昌县",615500,0834
"四川省","德格县",627200,0836
"四川省","恩阳区",636000,0827
"四川省","成华区",610000,028
"四川省","新津区",611400,028
"四川省","新都区",610500,028
"四川省","新龙县",626800,0836
"四川省","旌阳区",618000,0838
"四川省","旺苍县",628200,0839
"四川省","昭化区",628000,0839
"四川省","昭觉县",616100,0834
"四川省","普格县",615300,0834
"四川省","朝天区",628000,0839
"四川省","木里藏族自治县",615800,0834
"四川省","松潘县",623300,0837
"四川省","梓潼县",622100,0816
"四川省","武侯区",610000,028
"四川省","武胜县",638400,0826
"四川省","汉源县",625300,0835
"四川省","江安县",644200,0831
"四川省","江油市",621700,0816
"四川省","江阳区",646000,0830
"四川省","汶川县",623000,0837
"四川省","沐川县",614500,0833
"四川省","沙湾区",614900,0833
"四川省","沿滩区",643000,0813
"四川省","泸县",646100,0830
"四川省","泸定县",626100,0836
"四川省","洪雅县",620300,028
"四川省","涪城区",621000,0816
"四川省","渠县",635200,0818
"四川省","温江区",611100,028
"四川省","游仙区",621000,0816
"四川省","炉霍县",626500,0836
"四川省","犍为县",614400,0833
"四川省","珙县",644500,0831
"四川省","理县",623100,0837
"四川省","理塘县",627500,0836
"四川省","甘孜县",626700,0836
"四川省","甘洛县",616800,0834
"四川省","白玉县",627100,0836
"四川省","盐亭县",621600,0816
"四川省","盐源县",615700,0834
"四川省","盐边县",617100,0812
"四川省","石棉县",625400,0835
"四川省","石渠县",627300,0836
"四川省","稻城县",627700,0836
"四川省","筠连县",645200,0831
"四川省","简阳市",641400,028
"四川省","米易县",617200,0812
"四川省","红原县",624400,0837
"四川省","纳溪区",646300,0830
"四川省","绵竹市",618200,0838
"四川省","罗江区",618500,0838
"四川省","美姑县",616400,0834
"四川省","翠屏区",644000,0831
"四川省","自流井区",643000,0813
"四川省","船山区",629000,0825
"四川省","色达县",626600,0836
"四川省","芦山县",625600,0835
"四川省","苍溪县",628400,0839
"四川省","若尔盖县",624500,0837
"四川省","茂县",623200,0837
"四川省","荣县",643100,0813
"四川省","荥经县",625200,0835
"四川省","营山县",637700,0817
"四川省","蒲江县",611600,028
"四川省","蓬安县",637800,0817
"四川省","蓬溪县",629100,0825
"四川省","西充县",637200,0817
"四川省","西区",617000,0812
"四川省","西昌市",615000,0834
"四川省","贡井区",643100,0813
"四川省","资中县",641200,0832
"四川省","越西县",616600,0834
"四川省","达川区",635700,0818
"四川省","通川区",635000,0818
"四川省","通江县",636700,0827
"四川省","道孚县",626400,0836
"四川省","邛崃市",611500,028
"四川省","邻水县",638500,0826
"四川省","郫都区",611700,028
"四川省","都江堰市",611800,028
"四川省","金口河区",614700,0833
"四川省","金堂县",610400,028
"四川省","金川县",624100,0837
"四川省","金牛区",610000,028
"四川省","金阳县",616200,0834
"四川省","锦江区",610000,028
"四川省","长宁县",644300,0831
"四川省","阆中市",637400,0817
"四川省","阿坝县",624600,0837
"四川省","隆昌市",642100,0832
"四川省","雁江区",641300,028
"四川省","雅江县",627400,0836
"四川省","雨城区",625000,0835
"四川省","雷波县",616500,0834
"四川省","青川县",628100,0839
"四川省","青白江区",610300,028
"四川省","青神县",620400,028
"四川省","青羊区",610000,028
"四川省","顺庆区",637500,0817
"四川省","马尔康市",624000,0837
"四川省","马边彝族自治县",614600,0833
"四川省","高县",645100,0831
"四川省","高坪区",637100,0817
"四川省","黑水县",623500,0837
"四川省","龙泉驿区",610100,028
"四川省","龙马潭区",646600,0830
"天津市","东丽区",300000,022
"天津市","北辰区",300000,022
"天津市","南开区",300000,022
"天津市","和平区",300000,022
"天津市","宁河区",301500,022
"天津市","宝坻区",301800,022
"天津市","武清区",301700,022
"天津市","河东区",300000,022
"天津市","河北区",300000,022
"天津市","河西区",300000,022
"天津市","津南区",300000,022
"天津市","滨海新区",300000,022
"天津市","红桥区",300000,022
"天津市","蓟州区",301900,022
"天津市","西青区",300000,022
"天津市","静海区",301600,022
"宁夏回族自治区","中宁县",755100,0955
"宁夏回族自治区","兴庆区",750000,0951
"宁夏回族自治区","利通区",751100,0953
"宁夏回族自治区","原州区",756000,0954
"宁夏回族自治区","同心县",751300,0953
"宁夏回族自治区","大武口区",753000,0952
"宁夏回族自治区","平罗县",753400,0952
"宁夏回族自治区","彭阳县",756500,0954
"宁夏回族自治区","惠农区",753200,0952
"宁夏回族自治区","永宁县",750100,0951
"宁夏回族自治区","沙坡头区",755000,0955
"宁夏回族自治区","泾源县",756400,0954
"宁夏回族自治区","海原县",755200,0955
"宁夏回族自治区","灵武市",750400,0951
"宁夏回族自治区","盐池县",751500,0953
"宁夏回族自治区","红寺堡区",751900,0953
"宁夏回族自治区","西吉县",756200,0954
"宁夏回族自治区","西夏区",750000,0951
"宁夏回族自治区","贺兰县",750200,0951
"宁夏回族自治区","金凤区",750000,0951
"宁夏回族自治区","隆德县",756300,0954
"宁夏回族自治区","青铜峡市",751600,0953
"安徽省","东至县",247200,0566
"安徽省","临泉县",236400,0558
"安徽省","义安区",244100,0562
"安徽省","五河县",233300,0552
"安徽省","休宁县",245400,0559
"安徽省","全椒县",239500,0550
"安徽省","八公山区",232000,0554
"安徽省","凤台县",232100,0554
"安徽省","凤阳县",233100,0550
"安徽省","利辛县",236700,0558
"安徽省","包河区",230000,0551
"安徽省","南谯区",239000,0550
"安徽省","南陵县",241300,0553
"安徽省","博望区",243100,0555
"安徽省","叶集区",237400,0564
"安徽省","含山县",238100,0555
"安徽省","和县",238200,0555
"安徽省","固镇县",233700,0552
"安徽省","埇桥区",234100,0557
"安徽省","大观区",246000,0556
"安徽省","大通区",232000,0554
"安徽省","天长市",239300,0550
"安徽省","太和县",236600,0558
"安徽省","太湖县",246400,0556
"安徽省","宁国市",242300,0563
"安徽省","定远县",233200,0550
"安徽省","宜秀区",246000,0556
"安徽省","宣州区",242000,0563
"安徽省","宿松县",246500,0556
"安徽省","寿县",232200,0554
"安徽省","屯溪区",245000,0559
"安徽省","岳西县",246600,0556
"安徽省","巢湖市",238000,0551
"安徽省","广德市",242200,0563
"安徽省","庐江县",231500,0551
"安徽省","庐阳区",230000,0551
"安徽省","弋江区",241000,0553
"安徽省","当涂县",243100,0555
"安徽省","徽州区",245900,0559
"安徽省","怀宁县",246100,0556
"安徽省","怀远县",233400,0552
"安徽省","旌德县",242600,0563
"安徽省","无为市",238300,0553
"安徽省","明光市",239400,0550
"安徽省","望江县",246200,0556
"安徽省","杜集区",235000,0561
"安徽省","来安县",239200,0550
"安徽省","枞阳县",246700,0562
"安徽省","桐城市",231400,0556
"安徽省","歙县",245200,0559
"安徽省","泗县",234300,0557
"安徽省","泾县",242500,0563
"安徽省","涡阳县",233600,0558
"安徽省","淮上区",233000,0552
"安徽省","湾沚区",241100,0553
"安徽省","潘集区",232000,0554
"安徽省","潜山市",246300,0556
"安徽省","濉溪县",235100,0561
"安徽省","灵璧县",234200,0557
"安徽省","烈山区",235000,0561
"安徽省","琅琊区",239000,0550
"安徽省","瑶海区",230000,0551
"安徽省","田家庵区",232000,0554
"安徽省","界首市",236500,0558
"安徽省","相山区",235000,0561
"安徽省","石台县",245100,0566
"安徽省","砀山县",235300,0557
"安徽省","祁门县",245600,0559
"安徽省","禹会区",233000,0552
"安徽省","绩溪县",245300,0563
"安徽省","繁昌区",241200,0553
"安徽省","肥东县",231600,0551
"安徽省","肥西县",231200,0551
"安徽省","舒城县",231300,0564
"安徽省","花山区",243000,0555
"安徽省","萧县",235200,0557
"安徽省","蒙城县",233500,0558
"安徽省","蚌山区",233000,0552
"安徽省","蜀山区",230000,0551
"安徽省","裕安区",237100,0564
"安徽省","谢家集区",232000,0554
"安徽省","谯城区",236800,0558
"安徽省","贵池区",247100,0566
"安徽省","迎江区",246000,0556
"安徽省","郊区",246700,0562
"安徽省","郎溪县",242100,0563
"安徽省","金安区",237100,0564
"安徽省","金寨县",237300,0564
"安徽省","铜官区",244000,0562
"安徽省","镜湖区",241100,0553
"安徽省","长丰县",231100,0551
"安徽省","阜南县",236300,0558
"安徽省","雨山区",243000,0555
"安徽省","霍山县",237200,0564
"安徽省","霍邱县",237400,0564
"安徽省","青阳县",242800,0566
"安徽省","颍上县",236200,0558
"安徽省","颍东区",236100,0558
"安徽省","颍州区",236100,0558
"安徽省","颍泉区",236100,0558
"安徽省","鸠江区",241000,0553
"安徽省","黄山区",245700,0559
"安徽省","黟县",245500,0559
"安徽省","龙子湖区",233000,0552
"山东省","东平县",271500,0538
"山东省","东昌府区",252000,0635
"山东省","东明县",274500,0530
"山东省","东港区",276800,0633
"山东省","东营区",257000,0546
"山东省","东阿县",252200,0635
"山东省","临朐县",262600,0536
"山东省","临沭县",276700,0539
"山东省","临淄区",255400,0533
"山东省","临清市",252600,0635
"山东省","临邑县",251500,0534
"山东省","乐陵市",253600,0534
"山东省","乳山市",264500,0631
"山东省","五莲县",262300,0633
"山东省","任城区",272000,0537
"山东省","兖州区",272100,0537
"山东省","兰山区",276000,0539
"山东省","兰陵县",277700,0539
"山东省","冠县",252500,0635
"山东省","利津县",257400,0546
"山东省","单县",274300,0530
"山东省","博兴县",256500,0543
"山东省","博山区",255200,0533
"山东省","即墨区",266200,0532
"山东省","历下区",250000,0531
"山东省","历城区",250100,0531
"山东省","台儿庄区",277400,0632
"山东省","周村区",255300,0533
"山东省","商河县",251600,0531
"山东省","嘉祥县",272400,0537
"山东省","坊子区",261200,0536
"山东省","垦利区",257500,0546
"山东省","城阳区",266100,0532
"山东省","夏津县",253200,0534
"山东省","天桥区",250000,0531
"山东省","奎文区",261000,0536
"山东省","宁津县",253400,0534
"山东省","宁阳县",271400,0538
"山东省","安丘市",262100,0536
"山东省","定陶区",274100,0530
"山东省","寒亭区",261100,0536
"山东省","寿光市",262700,0536
"山东省","山亭区",277200,0632
"山东省","岚山区",276800,0633
"山东省","岱岳区",271000,0538
"山东省","峄城区",277300,0632
"山东省","崂山区",266100,0532
"山东省","巨野县",274900,0530
"山东省","市中区",250000,0531
"山东省","市中区",277100,0632
"山东省","市北区",266000,0532
"山东省","市南区",266000,0532
"山东省","平原县",253100,0534
"山东省","平度市",266700,0532
"山东省","平邑县",273300,0539
"山东省","平阴县",250400,0531
"山东省","广饶县",257300,0546
"山东省","庆云县",253700,0534
"山东省","张店区",255000,0533
"山东省","微山县",277600,0537
"山东省","德城区",253000,0534
"山东省","惠民县",251700,0543
"山东省","成武县",274200,0530
"山东省","招远市",265400,0535
"山东省","文登区",264400,0631
"山东省","新泰市",271200,0538
"山东省","无棣县",251900,0543
"山东省","昌乐县",262400,0536
"山东省","昌邑市",261300,0536
"山东省","曲阜市",273100,0537
"山东省","曹县",274400,0530
"山东省","李沧区",266000,0532
"山东省","栖霞市",265300,0535
"山东省","桓台县",256400,0533
"山东省","梁山县",272600,0537
"山东省","槐荫区",250000,0531
"山东省","武城县",253300,0534
"山东省","汶上县",272500,0537
"山东省","沂南县",276300,0539
"山东省","沂水县",276400,0539
"山东省","沂源县",256100,0533
"山东省","河东区",276000,0539
"山东省","河口区",257200,0546
"山东省","沾化区",256800,0543
"山东省","泗水县",273200,0537
"山东省","泰山区",271000,0538
"山东省","济阳区",251400,0531
"山东省","海阳市",265100,0535
"山东省","淄川区",255100,0533
"山东省","滕州市",277500,0632
"山东省","滨城区",256600,0543
"山东省","潍城区",261000,0536
"山东省","牟平区",264100,0535
"山东省","牡丹区",274000,0530
"山东省","环翠区",264200,0631
"山东省","福山区",265500,0535
"山东省","禹城市",251200,0534
"山东省","罗庄区",276000,0539
"山东省","肥城市",271600,0538
"山东省","胶州市",266300,0532
"山东省","芝罘区",264000,0535
"山东省","茌平区",252100,0635
"山东省","荣成市",264300,0631
"山东省","莒南县",276600,0539
"山东省","莒县",276500,0633
"山东省","莘县",252400,0635
"山东省","莱山区",264000,0535
"山东省","莱州市",261400,0535
"山东省","莱芜区",271100,0531
"山东省","莱西市",266600,0532
"山东省","莱阳市",265200,0535
"山东省","蒙阴县",276200,0539
"山东省","蓬莱区",265600,0535
"山东省","薛城区",277000,0632
"山东省","诸城市",262200,0536
"山东省","费县",273400,0539
"山东省","邹城市",273500,0537
"山东省","邹平市",256200,0543
"山东省","郓城县",274700,0530
"山东省","郯城县",276100,0539
"山东省","鄄城县",274600,0530
"山东省","金乡县",272200,0537
"山东省","钢城区",271100,0531
"山东省","长清区",250300,0531
"山东省","阳信县",251800,0543
"山东省","阳谷县",252300,0635
"山东省","陵城区",253500,0534
"山东省","青州市",262500,0536
"山东省","章丘区",250200,0531
"山东省","高唐县",252800,0635
"山东省","高密市",261500,0536
"山东省","高青县",256300,0533
"山东省","鱼台县",272300,0537
"山东省","黄岛区",266400,0532
"山东省","齐河县",251100,0534
"山东省","龙口市",265700,0535
"山西省","万柏林区",030000,0351
"山西省","万荣县",044200,0359
"山西省","上党区",047100,0355
"山西省","中阳县",033400,0358
"山西省","临县",033200,0358
"山西省","临猗县",044100,0359
"山西省","云冈区",037000,0352
"山西省","云州区",037000,0352
"山西省","五台县",035500,0350
"山西省","五寨县",036200,0350
"山西省","交口县",032400,0358
"山西省","交城县",030500,0358
"山西省","介休市",032000,0354
"山西省","代县",034200,0350
"山西省","侯马市",043000,0357
"山西省","保德县",036600,0350
"山西省","偏关县",036400,0350
"山西省","兴县",033600,0358
"山西省","原平市",034100,0350
"山西省","古交市",030200,0351
"山西省","古县",042400,0357
"山西省","右玉县",037200,0349
"山西省","吉县",042200,0357
"山西省","和顺县",032700,0354
"山西省","垣曲县",043700,0359
"山西省","城区",045000,0353
"山西省","城区",048000,0356
"山西省","壶关县",047300,0355
"山西省","夏县",044400,0359
"山西省","大宁县",042300,0357
"山西省","天镇县",038200,0352
"山西省","太谷区",030800,0354
"山西省","孝义市",032300,0358
"山西省","宁武县",036700,0350
"山西省","安泽县",042500,0357
"山西省","定襄县",035400,0350
"山西省","寿阳县",045400,0354
"山西省","小店区",030000,0351
"山西省","尖草坪区",030000,0351
"山西省","尧都区",041000,0357
"山西省","屯留区",046100,0355
"山西省","山阴县",036900,0349
"山西省","岚县",033500,0358
"山西省","岢岚县",036300,0350
"山西省","左云县",037100,0352
"山西省","左权县",032600,0354
"山西省","平城区",037000,0352
"山西省","平定县",045200,0353
"山西省","平遥县",031100,0354
"山西省","平陆县",044300,0359
"山西省","平顺县",047400,0355
"山西省","平鲁区",036800,0349
"山西省","乡宁县",042100,0357
"山西省","广灵县",037500,0352
"山西省","应县",037600,0349
"山西省","忻府区",034000,0350
"山西省","怀仁市",038300,0349
"山西省","文水县",032100,0358
"山西省","新绛县",043100,0359
"山西省","新荣区",037000,0352
"山西省","方山县",033100,0358
"山西省","昔阳县",045300,0354
"山西省","晋源区",030000,0351
"山西省","曲沃县",043400,0357
"山西省","朔城区",036000,0349
"山西省","杏花岭区",030000,0351
"山西省","柳林县",033300,0358
"山西省","榆次区",030600,0354
"山西省","榆社县",031800,0354
"山西省","武乡县",046300,0355
"山西省","永和县",041400,0357
"山西省","永济市",044500,0359
"山西省","汾西县",031500,0357
"山西省","汾阳市",032200,0358
"山西省","沁县",046400,0355
"山西省","沁水县",048200,0356
"山西省","沁源县",046500,0355
"山西省","河曲县",036500,0350
"山西省","河津市",043300,0359
"山西省","泽州县",048000,0356
"山西省","洪洞县",041600,0357
"山西省","浑源县",037400,0352
"山西省","浮山县",042600,0357
"山西省","清徐县",030400,0351
"山西省","潞城区",047500,0355
"山西省","潞州区",046000,0355
"山西省","灵丘县",034400,0352
"山西省","灵石县",031300,0354
"山西省","盂县",045100,0353
"山西省","盐湖区",044000,0359
"山西省","石楼县",032500,0358
"山西省","矿区",045000,0353
"山西省","祁县",030900,0354
"山西省","神池县",036100,0350
"山西省","离石区",033000,0358
"山西省","稷山县",043200,0359
"山西省","娄烦县",030300,0351
"山西省","绛县",043600,0359
"山西省","繁峙县",034300,0350
"山西省","翼城县",043500,0357
"山西省","芮城县",044600,0359
"山西省","蒲县",041200,0357
"山西省","襄垣县",046200,0355
"山西省","襄汾县",041500,0357
"山西省","迎泽区",030000,0351
"山西省","郊区",045000,0353
"山西省","长子县",046600,0355
"山西省","闻喜县",043800,0359
"山西省","阳城县",048100,0356
"山西省","阳曲县",030100,0351
"山西省","阳高县",038100,0352
"山西省","陵川县",048300,0356
"山西省","隰县",041300,0357
"山西省","霍州市",031400,0357
"山西省","静乐县",035100,0350
"山西省","高平市",048400,0356
"山西省","黎城县",047600,0355
"广东省","三水区",528100,0757
"广东省","东源县",517500,0762
"广东省","东莞市",523000,0769
"广东省","中山市",528400,0760
"广东省","丰顺县",514300,0753
"广东省","乐昌市",512200,0751
"广东省","乳源瑶族自治县",512700,0751
"广东省","云城区",527300,0766
"广东省","云安区",527500,0766
"广东省","五华县",514400,0753
"广东省","仁化县",512300,0751
"广东省","从化区",510900,020
"广东省","佛冈县",511600,0763
"广东省","信宜市",525300,0668
"广东省","光明区",518100,0755
"广东省","兴宁市",514500,0753
"广东省","化州市",525100,0668
"广东省","南山区",518000,0755
"广东省","南沙区",511400,020
"广东省","南海区",528200,0757
"广东省","南澳县",515900,0754
"广东省","南雄市",512400,0751
"广东省","博罗县",516100,0752
"广东省","台山市",529200,0750
"广东省","吴川市",524500,0759
"广东省","和平县",517200,0762
"广东省","四会市",526200,0758
"广东省","坡头区",524000,0759
"广东省","坪山区",523000,0755
"广东省","城区",516600,0660
"广东省","增城区",511300,020
"广东省","大埔县",514200,0753
"广东省","天河区",510600,020
"广东省","始兴县",512500,0751
"广东省","宝安区",518100,0755
"广东省","封开县",526500,0758
"广东省","平远县",514600,0753
"广东省","广宁县",526300,0758
"广东省","廉江市",524400,0759
"广东省","开平市",529300,0750
"广东省","徐闻县",524100,0759
"广东省","德庆县",526600,0758
"广东省","怀集县",526400,0758
"广东省","恩平市",529400,0750
"广东省","惠东县",516300,0752
"广东省","惠城区",516000,0752
"广东省","惠来县",515200,0663
"广东省","惠阳区",516200,0752
"广东省","揭东区",515500,0663
"广东省","揭西县",515400,0663
"广东省","斗门区",519100,0756
"广东省","新丰县",511100,0751
"广东省","新会区",529100,0750
"广东省","新兴县",527400,0766
"广东省","普宁市",515300,0663
"广东省","曲江区",512100,0751
"广东省","梅县区",514700,0753
"广东省","梅江区",514000,0753
"广东省","榕城区",522000,0663
"广东省","武江区",512000,0751
"广东省","江城区",529500,0662
"广东省","江海区",529000,0750
"广东省","浈江区",512000,0751
"广东省","海丰县",516400,0660
"广东省","海珠区",510200,020
"广东省","清城区",511500,0763
"广东省","清新区",511800,0763
"广东省","湘桥区",521000,0768
"广东省","源城区",517000,0762
"广东省","潮南区",515100,0754
"广东省","潮安区",515600,0768
"广东省","潮阳区",515100,0754
"广东省","澄海区",515800,0754
"广东省","濠江区",515000,0754
"广东省","电白区",525400,0668
"广东省","番禺区",511400,020
"广东省","白云区",510400,020
"广东省","盐田区",518000,0755
"广东省","禅城区",528000,0757
"广东省","福田区",518000,0755
"广东省","端州区",526000,0758
"广东省","紫金县",517400,0762
"广东省","罗定市",527200,0766
"广东省","罗湖区",518000,0755
"广东省","翁源县",512600,0751
"广东省","花都区",510800,020
"广东省","英德市",513000,0763
"广东省","茂南区",525000,0668
"广东省","荔湾区",510100,020
"广东省","蓬江区",529000,0750
"广东省","蕉岭县",514100,0753
"广东省","赤坎区",524000,0759
"广东省","越秀区",510000,020
"广东省","连南瑶族自治县",513300,0763
"广东省","连山壮族瑶族自治县",513200,0763
"广东省","连州市",513400,0763
"广东省","连平县",517100,0762
"广东省","遂溪县",524300,0759
"广东省","郁南县",527100,0766
"广东省","金平区",515000,0754
"广东省","金湾区",519000,0756
"广东省","阳东区",529900,0662
"广东省","阳山县",513100,0763
"广东省","阳春市",529600,0662
"广东省","阳西县",529800,0662
"广东省","陆丰市",516500,0660
"广东省","陆河县",516700,0660
"广东省","雷州市",524200,0759
"广东省","霞山区",524000,0759
"广东省","顺德区",528300,0757
"广东省","饶平县",515700,0768
"广东省","香洲区",519000,0756
"广东省","高州市",525200,0668
"广东省","高明区",528500,0757
"广东省","高要区",526100,0758
"广东省","鹤山市",529700,0750
"广东省","麻章区",524000,0759
"广东省","黄埔区",510700,020
"广东省","鼎湖区",526000,0758
"广东省","龙华区",518100,0755
"广东省","龙岗区",518100,0755
"广东省","龙川县",517300,0762
"广东省","龙湖区",515000,0754
"广东省","龙门县",516800,0752
"广西壮族自治区","七星区",541000,0773
"广西壮族自治区","万秀区",543000,0774
"广西壮族自治区","三江侗族自治县",545500,0772
"广西壮族自治区","上思县",535500,0770
"广西壮族自治区","上林县",530500,0771
"广西壮族自治区","东兰县",547400,0778
"广西壮族自治区","东兴市",538100,0770
"广西壮族自治区","临桂区",541100,0773
"广西壮族自治区","乐业县",533200,0776
"广西壮族自治区","全州县",541500,0773
"广西壮族自治区","八步区",542800,0774
"广西壮族自治区","兴业县",537800,0775
"广西壮族自治区","兴宁区",530000,0771
"广西壮族自治区","兴安县",541300,0773
"广西壮族自治区","兴宾区",546100,0772
"广西壮族自治区","凌云县",533100,0776
"广西壮族自治区","凤山县",547600,0778
"广西壮族自治区","凭祥市",532600,0771
"广西壮族自治区","北流市",537400,0775
"广西壮族自治区","南丹县",547200,0778
"广西壮族自治区","博白县",537600,0775
"广西壮族自治区","叠彩区",541000,0773
"广西壮族自治区","右江区",533000,0776
"广西壮族自治区","合山市",546500,0772
"广西壮族自治区","合浦县",536100,0779
"广西壮族自治区","城中区",545000,0772
"广西壮族自治区","大化瑶族自治县",530800,0778
"广西壮族自治区","大新县",532300,0771
"广西壮族自治区","天峨县",547300,0778
"广西壮族自治区","天等县",532800,0771
"广西壮族自治区","宁明县",532500,0771
"广西壮族自治区","宜州区",546300,0778
"广西壮族自治区","容县",537500,0775
"广西壮族自治区","宾阳县",530400,0771
"广西壮族自治区","富川瑶族自治县",542700,0774
"广西壮族自治区","岑溪市",543200,0774
"广西壮族自治区","巴马瑶族自治县",547500,0778
"广西壮族自治区","平乐县",542400,0773
"广西壮族自治区","平南县",537300,0775
"广西壮族自治区","平果市",531400,0776
"广西壮族自治区","平桂区",542800,0774
"广西壮族自治区","德保县",533700,0776
"广西壮族自治区","忻城县",546200,0772
"广西壮族自治区","恭城瑶族自治县",542500,0773
"广西壮族自治区","扶绥县",532100,0771
"广西壮族自治区","昭平县",546800,0774
"广西壮族自治区","柳北区",545000,0772
"广西壮族自治区","柳南区",545000,0772
"广西壮族自治区","柳城县",545200,0772
"广西壮族自治区","柳江区",545100,0772
"广西壮族自治区","桂平市",537200,0775
"广西壮族自治区","横州市",530300,0771
"广西壮族自治区","武宣县",545900,0772
"广西壮族自治区","武鸣区",530100,0771
"广西壮族自治区","永福县",541800,0773
"广西壮族自治区","江南区",530000,0771
"广西壮族自治区","江州区",532200,0771
"广西壮族自治区","浦北县",535300,0777
"广西壮族自治区","海城区",536000,0779
"广西壮族自治区","港北区",537100,0775
"广西壮族自治区","港南区",537100,0775
"广西壮族自治区","港口区",538000,0770
"广西壮族自治区","灌阳县",541600,0773
"广西壮族自治区","灵山县",535400,0777
"广西壮族自治区","灵川县",541200,0773
"广西壮族自治区","玉州区",537000,0775
"广西壮族自治区","环江毛南族自治县",547100,0778
"广西壮族自治区","田东县",531500,0776
"广西壮族自治区","田林县",533300,0776
"广西壮族自治区","田阳区",533600,0776
"广西壮族自治区","福绵区",537000,0775
"广西壮族自治区","秀峰区",541000,0773
"广西壮族自治区","罗城仫佬族自治县",546400,0778
"广西壮族自治区","良庆区",530200,0771
"广西壮族自治区","苍梧县",543100,0774
"广西壮族自治区","荔浦市",546600,0773
"广西壮族自治区","蒙山县",546700,0774
"广西壮族自治区","藤县",543300,0774
"广西壮族自治区","融安县",545400,0772
"广西壮族自治区","融水苗族自治县",545300,0772
"广西壮族自治区","西乡塘区",530000,0771
"广西壮族自治区","西林县",533500,0776
"广西壮族自治区","覃塘区",537100,0775
"广西壮族自治区","象山区",541000,0773
"广西壮族自治区","象州县",545800,0772
"广西壮族自治区","资源县",541400,0773
"广西壮族自治区","邕宁区",530200,0771
"广西壮族自治区","那坡县",533900,0776
"广西壮族自治区","都安瑶族自治县",530700,0778
"广西壮族自治区","金城江区",547000,0778
"广西壮族自治区","金秀瑶族自治县",545700,0772
"广西壮族自治区","钟山县",542600,0774
"广西壮族自治区","钦北区",535000,0777
"广西壮族自治区","钦南区",535000,0777
"广西壮族自治区","铁山港区",536000,0779
"广西壮族自治区","银海区",536000,0779
"广西壮族自治区","长洲区",543000,0774
"广西壮族自治区","防城区",538000,0770
"广西壮族自治区","阳朔县",541900,0773
"广西壮族自治区","陆川县",537700,0775
"广西壮族自治区","隆安县",532700,0771
"广西壮族自治区","隆林各族自治县",533400,0776
"广西壮族自治区","雁山区",541000,0773
"广西壮族自治区","青秀区",530000,0771
"广西壮族自治区","靖西市",533800,0776
"广西壮族自治区","马山县",530600,0771
"广西壮族自治区","鱼峰区",545000,0772
"广西壮族自治区","鹿寨县",545600,0772
"广西壮族自治区","龙圩区",543100,0774
"广西壮族自治区","龙州县",532400,0771
"广西壮族自治区","龙胜各族自治县",541700,0773
"新疆维吾尔自治区","且末县",841900,0996
"新疆维吾尔自治区","乌什县",843400,0997
"新疆维吾尔自治区","乌尔禾区",834000,0990
"新疆维吾尔自治区","乌恰县",845400,0908
"新疆维吾尔自治区","乌苏市",833000,0992
"新疆维吾尔自治区","乌鲁木齐县",830000,0991
"新疆维吾尔自治区","于田县",848400,0903
"新疆维吾尔自治区","五家渠市",831300,0994
"新疆维吾尔自治区","伊吾县",839300,0902
"新疆维吾尔自治区","伊宁县",835100,0999
"新疆维吾尔自治区","伊宁市",835000,0999
"新疆维吾尔自治区","伊州区",835000,0999
"新疆维吾尔自治区","伽师县",844300,0998
"新疆维吾尔自治区","克拉玛依区",834000,0990
"新疆维吾尔自治区","北屯市",835000,0999
"新疆维吾尔自治区","博乐市",833400,0909
"新疆维吾尔自治区","博湖县",841400,0996
"新疆维吾尔自治区","双河市",833408,0909
"新疆维吾尔自治区","可克达拉市",835219,0999
"新疆维吾尔自治区","叶城县",844900,0998
"新疆维吾尔自治区","吉木乃县",836800,0906
"新疆维吾尔自治区","吉木萨尔县",831700,0994
"新疆维吾尔自治区","呼图壁县",831200,0994
"新疆维吾尔自治区","和安县",848000,0903
"新疆维吾尔自治区","和布克赛尔蒙古自治县",834400,0990
"新疆维吾尔自治区","和康县",848000,0903
"新疆维吾尔自治区","和田县",848000,0903
"新疆维吾尔自治区","和田市",848000,0903
"新疆维吾尔自治区","和硕县",841200,0996
"新疆维吾尔自治区","和静县",841300,0996
"新疆维吾尔自治区","哈巴河县",836700,0906
"新疆维吾尔自治区","喀什市",844000,0998
"新疆维吾尔自治区","图木舒克市",844000,0998
"新疆维吾尔自治区","塔什库尔干塔吉克自治县",845200,0998
"新疆维吾尔自治区","塔城市",834700,0901
"新疆维吾尔自治区","天山区",830000,0991
"新疆维吾尔自治区","头屯河区",830000,0991
"新疆维吾尔自治区","奇台县",831800,0994
"新疆维吾尔自治区","奎屯市",833200,0992
"新疆维吾尔自治区","富蕴县",836100,0906
"新疆维吾尔自治区","察布查尔锡伯自治县",835300,0999
"新疆维吾尔自治区","尉犁县",841500,0996
"新疆维吾尔自治区","尼勒克县",835700,0999
"新疆维吾尔自治区","岳普湖县",844400,0998
"新疆维吾尔自治区","巩留县",835400,0999
"新疆维吾尔自治区","巴楚县",843800,0998
"新疆维吾尔自治区","巴里坤哈萨克自治县",839200,0902
"新疆维吾尔自治区","布尔津县",836600,0906
"新疆维吾尔自治区","库尔勒市",841000,0996
"新疆维吾尔自治区","库车市",842000,0997
"新疆维吾尔自治区","托克逊县",838100,0995
"新疆维吾尔自治区","托里县",834500,0901
"新疆维吾尔自治区","拜城县",842300,0997
"新疆维吾尔自治区","新和县",842100,0997
"新疆维吾尔自治区","新市区",830000,0991
"新疆维吾尔自治区","新星市",839000,0902
"新疆维吾尔自治区","新源县",835800,0999
"新疆维吾尔自治区","昆玉市",848116,0903
"新疆维吾尔自治区","昌吉市",831100,0994
"新疆维吾尔自治区","昭苏县",835600,0999
"新疆维吾尔自治区","木垒哈萨克自治县",831900,0994
"新疆维吾尔自治区","柯坪县",843600,0997
"新疆维吾尔自治区","民丰县",848500,0903
"新疆维吾尔自治区","水磨沟区",830000,0991
"新疆维吾尔自治区","沙依巴克区",830000,0991
"新疆维吾尔自治区","沙湾市",832100,0993
"新疆维吾尔自治区","沙雅县",842200,0997
"新疆维吾尔自治区","泽普县",844800,0998
"新疆维吾尔自治区","洛浦县",848200,0903
"新疆维吾尔自治区","温宿县",843100,0997
"新疆维吾尔自治区","温泉县",833500,0909
"新疆维吾尔自治区","焉耆回族自治县",841100,0996
"新疆维吾尔自治区","特克斯县",835500,0999
"新疆维吾尔自治区","独山子区",833600,0992
"新疆维吾尔自治区","玛纳斯县",832200,0994
"新疆维吾尔自治区","疏勒县",844200,0998
"新疆维吾尔自治区","疏附县",844100,0998
"新疆维吾尔自治区","白杨市",834702,0901
"新疆维吾尔自治区","白碱滩区",834000,0990
"新疆维吾尔自治区","皮山县",845100,0903
"新疆维吾尔自治区","石河子市",832000,0993
"新疆维吾尔自治区","福海县",836400,0906
"新疆维吾尔自治区","策勒县",848300,0903
"新疆维吾尔自治区","米东区",831400,0991
"新疆维吾尔自治区","精河县",833300,0909
"新疆维吾尔自治区","胡杨河市",834034,0992
"新疆维吾尔自治区","若羌县",841800,0996
"新疆维吾尔自治区","英吉沙县",844500,0998
"新疆维吾尔自治区","莎车县",844700,0998
"新疆维吾尔自治区","裕民县",834800,0901
"新疆维吾尔自治区","轮台县",841600,0996
"新疆维吾尔自治区","达坂城区",830000,0991
"新疆维吾尔自治区","鄯善县",838200,0995
"新疆维吾尔自治区","铁门关市",841000,0996
"新疆维吾尔自治区","阜康市",831500,0994
"新疆维吾尔自治区","阿克苏市",843000,0997
"新疆维吾尔自治区","阿克陶县",845500,0908
"新疆维吾尔自治区","阿勒泰市",836500,0906
"新疆维吾尔自治区","阿合奇县",843500,0997
"新疆维吾尔自治区","阿图什市",845300,0908
"新疆维吾尔自治区","阿拉尔市",843300,0997
"新疆维吾尔自治区","阿拉山口市",833400,0909
"新疆维吾尔自治区","阿瓦提县",843200,0997
"新疆维吾尔自治区","霍城县",835200,0999
"新疆维吾尔自治区","霍尔果斯市",835200,0999
"新疆维吾尔自治区","青河县",836200,0906
"新疆维吾尔自治区","额敏县",834600,0901
"新疆维吾尔自治区","高昌区",838000,0995
"新疆维吾尔自治区","麦盖提县",844600,0998
"新疆维吾尔自治区","墨玉县",848100,0903
"江苏省","东台市",224200,0515
"江苏省","东海县",222300,0518
"江苏省","丰县",221700,0516
"江苏省","丹徒区",212100,0511
"江苏省","丹阳市",212300,0511
"江苏省","云龙区",221000,0516
"江苏省","京口区",212000,0511
"江苏省","亭湖区",224000,0515
"江苏省","仪征市",211400,0514
"江苏省","六合区",211500,025
"江苏省","兴化市",225700,0523
"江苏省","句容市",212400,0511
"江苏省","启东市",226200,0513
"江苏省","吴中区",215100,0512
"江苏省","吴江区",215200,0512
"江苏省","响水县",224600,0515
"江苏省","大丰区",224100,0515
"江苏省","天宁区",213100,0519
"江苏省","太仓市",215400,0512
"江苏省","如东县",226400,0513
"江苏省","如皋市",226500,0513
"江苏省","姑苏区",215000,0512
"江苏省","姜堰区",225500,0523
"江苏省","宜兴市",214200,0510
"江苏省","宝应县",225800,0514
"江苏省","宿城区",223800,0527
"江苏省","宿豫区",223800,0527
"江苏省","射阳县",224300,0515
"江苏省","崇川区",226000,0513
"江苏省","常熟市",215500,0512
"江苏省","广陵区",225000,0514
"江苏省","建湖县",224700,0515
"江苏省","建邺区",210000,025
"江苏省","张家港市",215600,0512
"江苏省","惠山区",214100,0510
"江苏省","扬中市",212200,0511
"江苏省","新北区",213100,0519
"江苏省","新吴区",214000,0510
"江苏省","新沂市",221400,0516
"江苏省","昆山市",215300,0512
"江苏省","栖霞区",210000,025
"江苏省","梁溪区",214000,0510
"江苏省","武进区",213100,0519
"江苏省","江宁区",211100,025
"江苏省","江都区",225200,0514
"江苏省","江阴市",214400,0510
"江苏省","沛县",221600,0516
"江苏省","沭阳县",223600,0527
"江苏省","泉山区",221000,0516
"江苏省","泗洪县",223900,0527
"江苏省","泗阳县",223700,0527
"江苏省","泰兴市",225400,0523
"江苏省","洪泽区",223100,0517
"江苏省","浦口区",210000,025
"江苏省","海安市",226600,0513
"江苏省","海州区",222000,0518
"江苏省","海门区",226100,0513
"江苏省","海陵区",225300,0523
"江苏省","涟水县",223400,0517
"江苏省","润州区",212000,0511
"江苏省","淮安区",223200,0517
"江苏省","淮阴区",223300,0517
"江苏省","清江浦区",223600,0527
"江苏省","溧水区",211200,025
"江苏省","溧阳市",213300,0519
"江苏省","滨海县",224500,0515
"江苏省","滨湖区",214000,0510
"江苏省","灌云县",222200,0518
"江苏省","灌南县",222500,0518
"江苏省","玄武区",210000,025
"江苏省","盐都区",224000,0515
"江苏省","盱眙县",211700,0517
"江苏省","相城区",215100,0512
"江苏省","睢宁县",221200,0516
"江苏省","秦淮区",210000,025
"江苏省","虎丘区",215100,0512
"江苏省","贾汪区",221100,0516
"江苏省","赣榆区",222100,0518
"江苏省","连云区",222000,0518
"江苏省","通州区",226300,0513
"江苏省","邗江区",225100,0514
"江苏省","邳州市",221300,0516
"江苏省","金坛区",213200,0519
"江苏省","金湖县",211600,0517
"江苏省","钟楼区",213000,0519
"江苏省","铜山区",221100,0516
"江苏省","锡山区",214100,0510
"江苏省","阜宁县",224400,0515
"江苏省","雨花台区",210000,025
"江苏省","靖江市",214500,0523
"江苏省","高淳区",211300,025
"江苏省","高港区",225300,0523
"江苏省","高邮市",225600,0514
"江苏省","鼓楼区",210000,025
"江苏省","鼓楼区",221000,0516
"江西省","万安县",343800,0796
"江西省","万年县",335500,0793
"江西省","万载县",336100,0795
"江西省","上栗县",337000,0799
"江西省","上犹县",341200,0797
"江西省","上高县",336400,0795
"江西省","东乡区",331800,0794
"江西省","东湖区",330000,0791
"江西省","丰城市",331100,0795
"江西省","临川区",344100,0794
"江西省","乐安县",344300,0794
"江西省","乐平市",333300,0798
"江西省","于都县",342300,0797
"江西省","井冈山市",343600,0796
"江西省","会昌县",342600,0797
"江西省","余干县",335100,0793
"江西省","余江区",335200,0701
"江西省","信丰县",341600,0797
"江西省","信州区",334000,0793
"江西省","修水县",332400,0792
"江西省","全南县",341800,0797
"江西省","共青城市",332000,0792
"江西省","兴国县",342400,0797
"江西省","分宜县",336600,0790
"江西省","南丰县",344500,0794
"江西省","南城县",344700,0794
"江西省","南康区",341400,0797
"江西省","南昌县",330200,0791
"江西省","吉安县",343100,0796
"江西省","吉州区",343000,0796
"江西省","吉水县",331600,0796
"江西省","大余县",341500,0797
"江西省","奉新县",330700,0795
"江西省","婺源县",333200,0793
"江西省","宁都县",342800,0797
"江西省","安义县",330500,0791
"江西省","安源区",337000,0799
"江西省","安福县",343200,0796
"江西省","安远县",342100,0797
"江西省","定南县",341900,0797
"江西省","宜丰县",336300,0795
"江西省","宜黄县",344400,0794
"江西省","寻乌县",342200,0797
"江西省","峡江县",331400,0796
"江西省","崇义县",341300,0797
"江西省","崇仁县",344200,0794
"江西省","广丰区",334600,0793
"江西省","广信区",334100,0793
"江西省","广昌县",344900,0794
"江西省","庐山市",332000,0792
"江西省","弋阳县",334400,0793
"江西省","彭泽县",332700,0792
"江西省","德兴市",334200,0793
"江西省","德安县",330400,0792
"江西省","新干县",331300,0796
"江西省","新建区",330100,0791
"江西省","昌江区",333000,0798
"江西省","月湖区",335000,0701
"江西省","柴桑区",332100,0792
"江西省","樟树市",331200,0795
"江西省","横峰县",334300,0793
"江西省","武宁县",332300,0792
"江西省","永丰县",331500,0796
"江西省","永修县",330300,0792
"江西省","永新县",343400,0796
"江西省","泰和县",343700,0796
"江西省","浔阳区",332000,0792
"江西省","浮梁县",333400,0798
"江西省","渝水区",338000,0790
"江西省","湖口县",332500,0792
"江西省","湘东区",337000,0799
"江西省","濂溪区",332000,0792
"江西省","玉山县",334700,0793
"江西省","珠山区",333000,0798
"江西省","瑞昌市",332200,0792
"江西省","瑞金市",342500,0797
"江西省","石城县",342700,0797
"江西省","红谷滩区",330000,0791
"江西省","芦溪县",337200,0799
"江西省","莲花县",337100,0799
"江西省","袁州区",336000,0795
"江西省","西湖区",330000,0791
"江西省","贵溪市",335400,0701
"江西省","资溪县",335300,0794
"江西省","赣县区",341100,0797
"江西省","进贤县",331700,0791
"江西省","遂川县",343900,0796
"江西省","都昌县",332600,0792
"江西省","鄱阳县",333100,0793
"江西省","金溪县",344800,0794
"江西省","铅山县",334500,0793
"江西省","铜鼓县",336200,0795
"江西省","青云谱区",330000,0791
"江西省","青原区",343000,0796
"江西省","青山湖区",330000,0791
"江西省","靖安县",330600,0795
"江西省","章贡区",341000,0797
"江西省","高安市",330800,0795
"江西省","黎川县",344600,0794
"江西省","龙南市",341700,0797
"河北省","万全区",076200,0313
"河北省","三河市",065200,0316
"河北省","下花园区",075300,0313
"河北省","丛台区",056000,0310
"河北省","东光县",061600,0317
"河北省","丰南区",063300,0315
"河北省","丰宁满族自治县",068300,0314
"河北省","丰润区",064000,0315
"河北省","临城县",054300,0319
"河北省","临漳县",056600,0310
"河北省","临西县",054900,0319
"河北省","乐亭县",063600,0315
"河北省","井陉县",050300,0311
"河北省","井陉矿区",050100,0311
"河北省","任丘市",062500,0317
"河北省","任泽区",055100,0319
"河北省","信都区",054000,0319
"河北省","元氏县",051100,0311
"河北省","兴隆县",067300,0314
"河北省","冀州区",053200,0318
"河北省","内丘县",054200,0319
"河北省","北戴河区",066100,0335
"河北省","南和区",054400,0319
"河北省","南宫市",055700,0319
"河北省","南皮县",061500,0317
"河北省","博野县",071300,0312
"河北省","卢龙县",066400,0335
"河北省","双桥区",067000,0314
"河北省","双滦区",067100,0314
"河北省","古冶区",063100,0315
"河北省","吴桥县",061800,0317
"河北省","唐县",072300,0312
"河北省","围场满族蒙古族自治县",068400,0314
"河北省","固安县",065500,0316
"河北省","复兴区",056000,0310
"河北省","大厂回族自治县",065300,0316
"河北省","大名县",056900,0310
"河北省","大城县",065900,0316
"河北省","威县",054700,0319
"河北省","孟村回族自治县",061400,0317
"河北省","宁晋县",055500,0319
"河北省","安国市",071200,0312
"河北省","安平县",053600,0318
"河北省","安新县",071600,0312
"河北省","安次区",065000,0316
"河北省","定兴县",072600,0312
"河北省","定州市",073000,0312
"河北省","宣化区",075100,0313
"河北省","容城县",071700,0312
"河北省","宽城满族自治县",067600,0314
"河北省","尚义县",076700,0313
"河北省","山海关区",066200,0335
"河北省","峰峰矿区",056200,0310
"河北省","崇礼区",076300,0313
"河北省","巨鹿县",055200,0319
"河北省","平山县",050400,0311
"河北省","平乡县",054500,0319
"河北省","平泉市",067500,0314
"河北省","广宗县",054600,0319
"河北省","广平县",057600,0310
"河北省","广阳区",065000,0316
"河北省","康保县",076600,0313
"河北省","开平区",063000,0315
"河北省","张北县",076400,0313
"河北省","徐水区",072500,0312
"河北省","怀安县",076100,0313
"河北省","怀来县",075400,0313
"河北省","成安县",056700,0310
"河北省","承德县",067400,0314
"河北省","抚宁区",066300,0335
"河北省","故城县",253800,0318
"河北省","文安县",065800,0316
"河北省","新乐市",050700,0311
"河北省","新华区",050000,0311
"河北省","新华区",061000,0317
"河北省","新河县",055600,0319
"河北省","无极县",052400,0311
"河北省","昌黎县",066600,0335
"河北省","易县",074200,0312
"河北省","晋州市",052200,0311
"河北省","景县",053500,0318
"河北省","曲周县",057200,0310
"河北省","曲阳县",073100,0312
"河北省","曹妃甸区",063200,0315
"河北省","望都县",072400,0312
"河北省","枣强县",053100,0318
"河北省","柏乡县",055400,0319
"河北省","栾城区",051400,0311
"河北省","桃城区",053000,0318
"河北省","桥东区",075000,0313
"河北省","桥西区",050000,0311
"河北省","桥西区",075000,0313
"河北省","正定县",050800,0311
"河北省","武安市",056300,0310
"河北省","武强县",053300,0318
"河北省","武邑县",053400,0318
"河北省","永年区",057100,0310
"河北省","永清县",065600,0316
"河北省","沙河市",054100,0319
"河北省","沧县",061700,0317
"河北省","河间市",062400,0317
"河北省","沽源县",076500,0313
"河北省","泊头市",062100,0317
"河北省","海兴县",061200,0317
"河北省","海港区",066000,0335
"河北省","涉县",056400,0310
"河北省","涞水县",074100,0312
"河北省","涞源县",074300,0312
"河北省","涿州市",072700,0312
"河北省","涿鹿县",075600,0313
"河北省","深州市",053800,0318
"河北省","深泽县",052500,0311
"河北省","清河县",054800,0319
"河北省","清苑区",071100,0312
"河北省","满城区",072100,0312
"河北省","滦南县",063500,0315
"河北省","滦州市",063700,0315
"河北省","滦平县",068200,0314
"河北省","灵寿县",050500,0311
"河北省","献县",062200,0317
"河北省","玉田县",064100,0315
"河北省","盐山县",061300,0317
"河北省","磁县",056500,0310
"河北省","竞秀区",071000,0312
"河北省","肃宁县",062300,0317
"河北省","肥乡区",057500,0310
"河北省","莲池区",071000,0312
"河北省","蔚县",075700,0313
"河北省","藁城区",052100,0311
"河北省","蠡县",071400,0312
"河北省","行唐县",050600,0311
"河北省","裕华区",050000,0311
"河北省","襄都区",054000,0319
"河北省","赞皇县",051200,0311
"河北省","赤城县",075500,0313
"河北省","赵县",051500,0311
"河北省","路北区",063000,0315
"河北省","路南区",063000,0315
"河北省","辛集市",052300,0311
"河北省","迁安市",064400,0315
"河北省","迁西县",064300,0315
"河北省","运河区",061000,0317
"河北省","遵化市",064200,0315
"河北省","邯山区",056000,0310
"河北省","邱县",057400,0310
"河北省","长安区",050000,0311
"河北省","阜城县",053700,0318
"河北省","阜平县",073200,0312
"河北省","阳原县",075800,0313
"河北省","隆化县",068100,0314
"河北省","隆尧县",055300,0319
"河北省","雄县",071800,0312
"河北省","雄安新区",071700,0312
"河北省","霸州市",065700,0316
"河北省","青县",062600,0317
"河北省","青龙满族自治县",066500,0335
"河北省","顺平县",072200,0312
"河北省","饶阳县",053900,0318
"河北省","馆陶县",057700,0310
"河北省","香河县",065400,0316
"河北省","高碑店市",074000,0312
"河北省","高邑县",051300,0311
"河北省","高阳县",071500,0312
"河北省","魏县",056800,0310
"河北省","鸡泽县",057300,0310
"河北省","鹰手营子矿区",067200,0314
"河北省","鹿泉区",050200,0311
"河北省","黄骅市",061100,0317
"河南省","上蔡县",463800,0396
"河南省","上街区",450000,0371
"河南省","中原区",450000,0371
"河南省","中牟县",451400,0371
"河南省","中站区",454000,0391
"河南省","临颍县",462600,0395
"河南省","义马市",472300,0398
"河南省","二七区",450000,0371
"河南省","伊川县",471300,0379
"河南省","修武县",454300,0391
"河南省","偃师区",471900,0379
"河南省","光山县",465400,0376
"河南省","兰考县",475300,0371
"河南省","内乡县",474300,0377
"河南省","内黄县",456300,0372
"河南省","凤泉区",453000,0373
"河南省","北关区",455000,0372
"河南省","华龙区",457000,0393
"河南省","南乐县",457400,0393
"河南省","南召县",474600,0377
"河南省","博爱县",454400,0391
"河南省","卢氏县",472200,0398
"河南省","卧龙区",473100,0377
"河南省","卫东区",467000,0375
"河南省","卫滨区",453000,0373
"河南省","卫辉市",453100,0373
"河南省","原阳县",453500,0373
"河南省","召陵区",462000,0395
"河南省","台前县",457600,0393
"河南省","叶县",467200,0375
"河南省","唐河县",473400,0377
"河南省","商城县",465300,0376
"河南省","商水县",466100,0394
"河南省","固始县",465200,0376
"河南省","夏邑县",476400,0370
"河南省","太康县",461400,0394
"河南省","孟州市",454700,0391
"河南省","孟津区",471100,0379
"河南省","宁陵县",476700,0370
"河南省","安阳县",455100,0372
"河南省","宛城区",473000,0377
"河南省","宜阳县",471600,0379
"河南省","宝丰县",467400,0375
"河南省","封丘县",453300,0373
"河南省","尉氏县",475500,0371
"河南省","山城区",458000,0392
"河南省","山阳区",454000,0391
"河南省","嵩县",471400,0379
"河南省","川汇区",466000,0394
"河南省","巩义市",451200,0371
"河南省","平桥区",464000,0376
"河南省","平舆县",463400,0396
"河南省","延津县",453200,0373
"河南省","建安区",461100,0374
"河南省","息县",464300,0376
"河南省","惠济区",450000,0371
"河南省","扶沟县",461300,0394
"河南省","文峰区",455000,0372
"河南省","新华区",467000,0375
"河南省","新县",465500,0376
"河南省","新安县",471800,0379
"河南省","新密市",452300,0371
"河南省","新乡县",453700,0373
"河南省","新蔡县",463500,0396
"河南省","新郑市",451100,0371
"河南省","新野县",473500,0377
"河南省","方城县",473200,0377
"河南省","杞县",475200,0371
"河南省","林州市",456500,0372
"河南省","柘城县",476200,0370
"河南省","栾川县",471500,0379
"河南省","桐柏县",474700,0377
"河南省","梁园区",476000,0370
"河南省","正阳县",463600,0396
"河南省","武陟县",454900,0391
"河南省","殷都区",455000,0372
"河南省","民权县",476800,0370
"河南省","永城市",476600,0370
"河南省","汝南县",463300,0396
"河南省","汝州市",467500,0375
"河南省","汝阳县",471200,0379
"河南省","汤阴县",456100,0372
"河南省","沁阳市",454500,0391
"河南省","沈丘县",466300,0394
"河南省","泌阳县",463700,0396
"河南省","洛宁县",471700,0379
"河南省","洛龙区",471000,0379
"河南省","浉河区",464000,0376
"河南省","济源市",454600,0391
"河南省","浚县",456200,0392
"河南省","涧西区",471000,0379
"河南省","淅川县",474400,0377
"河南省","淇县",456700,0392
"河南省","淇滨区",458000,0392
"河南省","淮滨县",464400,0376
"河南省","淮阳区",466700,0394
"河南省","清丰县",457300,0393
"河南省","渑池县",472400,0398
"河南省","温县",454800,0391
"河南省","湖滨区",472000,0398
"河南省","湛河区",467000,0375
"河南省","源汇区",462000,0395
"河南省","滑县",456400,0372
"河南省","潢川县",465100,0376
"河南省","濮阳县",457100,0393
"河南省","瀍河回族区",471000,0379
"河南省","灵宝市",472500,0398
"河南省","牧野区",453000,0373
"河南省","登封市",452400,0371
"河南省","睢县",476900,0370
"河南省","睢阳区",476000,0370
"河南省","石龙区",467400,0375
"河南省","确山县",463200,0396
"河南省","社旗县",473300,0377
"河南省","祥符区",475100,0371
"河南省","禹州市",461600,0374
"河南省","禹王台区",475000,0371
"河南省","管城回族区",450000,0371
"河南省","红旗区",453000,0373
"河南省","罗山县",464200,0376
"河南省","老城区",471000,0379
"河南省","舞钢市",462500,0375
"河南省","舞阳县",462400,0395
"河南省","范县",457500,0393
"河南省","荥阳市",450100,0371
"河南省","获嘉县",453800,0373
"河南省","虞城县",476300,0370
"河南省","襄城县",461700,0374
"河南省","西华县",466600,0394
"河南省","西峡县",474500,0377
"河南省","西工区",471000,0379
"河南省","西平县",463900,0396
"河南省","解放区",454000,0391
"河南省","辉县市",453600,0373
"河南省","通许县",475400,0371
"河南省","遂平县",463100,0396
"河南省","邓州市",474100,0377
"河南省","郏县",467100,0375
"河南省","郸城县",477100,0394
"河南省","郾城区",462000,0395
"河南省","鄢陵县",461200,0374
"河南省","金水区",450000,0371
"河南省","镇平县",474200,0377
"河南省","长垣市",453400,0373
"河南省","长葛市",461500,0374
"河南省","陕州区",472100,0398
"河南省","项城市",466200,0394
"河南省","顺河回族区",475000,0371
"河南省","马村区",454000,0391
"河南省","驿城区",463000,0396
"河南省","魏都区",461000,0374
"河南省","鲁山县",467300,0375
"河南省","鹤山区",458000,0392
"河南省","鹿邑县",477200,0394
"河南省","鼓楼区",475000,0371
"河南省","龙亭区",475000,0371
"河南省","龙安区",455000,0372
"浙江省","三门县",317100,0576
"浙江省","上城区",310000,0571
"浙江省","上虞区",312300,0575
"浙江省","东阳市",322100,0579
"浙江省","临安区",311300,0571
"浙江省","临平区",311100,0571
"浙江省","临海市",317000,0576
"浙江省","义乌市",322000,0579
"浙江省","乐清市",325600,0577
"浙江省","云和县",323600,0578
"浙江省","仙居县",317300,0576
"浙江省","余姚市",315400,0574
"浙江省","余杭区",311100,0571
"浙江省","兰溪市",321100,0579
"浙江省","北仑区",315800,0574
"浙江省","南浔区",313000,0572
"浙江省","南湖区",314000,0573
"浙江省","吴兴区",313000,0572
"浙江省","嘉善县",314100,0573
"浙江省","天台县",317200,0576
"浙江省","奉化区",315500,0574
"浙江省","婺城区",321000,0579
"浙江省","宁海县",315600,0574
"浙江省","安吉县",313300,0572
"浙江省","定海区",316000,0580
"浙江省","富阳区",311400,0571
"浙江省","岱山县",316200,0580
"浙江省","嵊州市",312400,0575
"浙江省","嵊泗县",202400,0580
"浙江省","常山县",324200,0570
"浙江省","平湖市",314200,0573
"浙江省","平阳县",325400,0577
"浙江省","庆元县",323800,0578
"浙江省","建德市",311600,0571
"浙江省","开化县",324300,0570
"浙江省","德清县",313200,0572
"浙江省","慈溪市",315300,0574
"浙江省","拱墅区",310000,0571
"浙江省","文成县",325300,0577
"浙江省","新昌县",312500,0575
"浙江省","普陀区",316100,0580
"浙江省","景宁畲族自治县",323500,0578
"浙江省","松阳县",323400,0578
"浙江省","柯城区",324000,0570
"浙江省","柯桥区",312000,0575
"浙江省","桐乡市",314500,0573
"浙江省","桐庐县",311500,0571
"浙江省","椒江区",318000,0576
"浙江省","武义县",321200,0579
"浙江省","永嘉县",325100,0577
"浙江省","永康市",321300,0579
"浙江省","江北区",315000,0574
"浙江省","江山市",324100,0570
"浙江省","泰顺县",325500,0577
"浙江省","洞头区",325700,0577
"浙江省","浦江县",322200,0579
"浙江省","海宁市",314400,0573
"浙江省","海曙区",315000,0574
"浙江省","海盐县",314300,0573
"浙江省","淳安县",311700,0571
"浙江省","温岭市",317500,0576
"浙江省","滨江区",310000,0571
"浙江省","玉环市",317600,0576
"浙江省","瑞安市",325200,0577
"浙江省","瓯海区",325000,0577
"浙江省","磐安县",322300,0579
"浙江省","秀洲区",314000,0573
"浙江省","缙云县",321400,0578
"浙江省","苍南县",325800,0577
"浙江省","莲都区",323000,0578
"浙江省","萧山区",311200,0571
"浙江省","衢江区",324000,0570
"浙江省","西湖区",310000,0571
"浙江省","诸暨市",311800,0575
"浙江省","象山县",315700,0574
"浙江省","越城区",312000,0575
"浙江省","路桥区",318000,0576
"浙江省","遂昌县",323300,0578
"浙江省","鄞州区",315100,0574
"浙江省","金东区",321000,0579
"浙江省","钱塘区",310000,0571
"浙江省","镇海区",315200,0574
"浙江省","长兴县",313100,0572
"浙江省","青田县",323900,0578
"浙江省","鹿城区",325000,0577
"浙江省","黄岩区",318000,0576
"浙江省","龙泉市",323700,0578
"浙江省","龙港市",325802,0577
"浙江省","龙游县",324400,0570
"浙江省","龙湾区",325000,0577
"海南省","万宁市",571500,0898
"海南省","东方市",572600,0898
"海南省","中沙群岛的岛礁及其海域",572000,0898
"海南省","临高县",571800,0898
"海南省","乐东黎族自治县",572500,0898
"海南省","五指山市",572200,0898
"海南省","保亭黎族苗族自治县",572300,0898
"海南省","儋州市",571700,0898
"海南省","南沙区",572200,0898
"海南省","吉阳区",572000,0898
"海南省","天涯区",572000,0898
"海南省","定安县",571200,0898
"海南省","屯昌县",571600,0898
"海南省","崖州区",572000,0898
"海南省","文昌市",571300,0898
"海南省","昌江黎族自治县",572700,0898
"海南省","永乐群岛的岛礁及其海域",572200,0898
"海南省","海棠区",572000,0898
"海南省","澄迈县",571900,0898
"海南省","琼中黎族苗族自治县",572900,0898
"海南省","琼山区",571100,0898
"海南省","琼海市",571400,0898
"海南省","白沙黎族自治县",572800,0898
"海南省","秀英区",570300,0898
"海南省","美兰区",570200,0898
"海南省","西沙区",572200,0898
"海南省","陵水黎族自治县",572400,0898
"海南省","龙华区",570100,0898
"湖北省","下陆区",435000,0714
"湖北省","东宝区",448100,0724
"湖北省","东西湖区",430000,027
"湖北省","丹江口市",442700,0719
"湖北省","云梦县",432500,0712
"湖北省","五峰土家族自治县",443400,0717
"湖北省","京山市",431800,0724
"湖北省","仙桃市",433000,0728
"湖北省","伍家岗区",443000,0717
"湖北省","保康县",441600,0710
"湖北省","公安县",434300,0716
"湖北省","兴山县",443700,0717
"湖北省","利川市",445400,0718
"湖北省","华容区",436000,027
"湖北省","南漳县",441500,0710
"湖北省","咸丰县",445600,0718
"湖北省","咸安区",437000,0715
"湖北省","嘉鱼县",437200,0715
"湖北省","团风县",438800,0713
"湖北省","大冶市",435100,0714
"湖北省","大悟县",432800,0712
"湖北省","天门市",431700,0728
"湖北省","夷陵区",443100,0717
"湖北省","孝南区",432000,0712
"湖北省","孝昌县",432900,0712
"湖北省","安陆市",432600,0712
"湖北省","宜城市",441400,0710
"湖北省","宜都市",443300,0717
"湖北省","宣恩县",445500,0718
"湖北省","崇阳县",437500,0715
"湖北省","巴东县",444300,0718
"湖北省","广水市",432700,0722
"湖北省","应城市",432400,0712
"湖北省","建始县",445300,0718
"湖北省","张湾区",442000,0719
"湖北省","当阳市",444100,0717
"湖北省","恩施市",445000,0718
"湖北省","房县",442100,0719
"湖北省","掇刀区",448100,0724
"湖北省","新洲区",430400,027
"湖北省","曾都区",441300,0722
"湖北省","来凤县",445700,0718
"湖北省","松滋市",434200,0716
"湖北省","枝江市",443200,0717
"湖北省","枣阳市",441200,0710
"湖北省","梁子湖区",436000,0711
"湖北省","樊城区",441000,0710
"湖北省","武昌区",430000,027
"湖北省","武穴市",435400,0713
"湖北省","汉南区",430000,027
"湖北省","汉川市",431600,0712
"湖北省","汉阳区",430000,027
"湖北省","江夏区",430200,027
"湖北省","江岸区",430000,027
"湖北省","江汉区",430000,027
"湖北省","江陵县",434100,0716
"湖北省","沙市区",434000,0716
"湖北省","沙洋县",448200,0724
"湖北省","洪山区",430000,027
"湖北省","洪湖市",433200,0716
"湖北省","浠水县",438200,0713
"湖北省","潜江市",433100,0728
"湖北省","点军区",443000,0717
"湖北省","猇亭区",443000,0717
"湖北省","监利市",433300,0716
"湖北省","石首市",434400,0716
"湖北省","硚口区",430000,027
"湖北省","神农架林区",442400,0719
"湖北省","秭归县",443600,0717
"湖北省","竹山县",442200,0719
"湖北省","竹溪县",442300,0719
"湖北省","红安县",438400,0713
"湖北省","罗田县",438600,0713
"湖北省","老河口市",441800,0710
"湖北省","英山县",438700,0713
"湖北省","茅箭区",442000,0719
"湖北省","荆州区",434000,0716
"湖北省","蔡甸区",430100,027
"湖北省","蕲春县",435300,0713
"湖北省","襄城区",441000,0710
"湖北省","襄州区",441100,0710
"湖北省","西塞山区",435000,0714
"湖北省","西陵区",443000,0717
"湖北省","谷城县",441700,0710
"湖北省","赤壁市",437300,0715
"湖北省","远安县",444200,0717
"湖北省","通城县",437400,0715
"湖北省","通山县",437600,0715
"湖北省","郧西县",442600,0719
"湖北省","郧阳区",442500,0719
"湖北省","鄂城区",436000,0711
"湖北省","钟祥市",431900,0724
"湖北省","铁山区",435000,0714
"湖北省","长阳土家族自治县",443500,0717
"湖北省","阳新县",435200,0714
"湖北省","随县",441300,0722
"湖北省","青山区",430000,027
"湖北省","鹤峰县",445800,0718
"湖北省","麻城市",438300,0713
"湖北省","黄州区",438000,0713
"湖北省","黄梅县",435500,0713
"湖北省","黄陂区",430300,027
"湖南省","东安县",425900,0746
"湖南省","中方县",418000,0745
"湖南省","临武县",424300,0735
"湖南省","临湘市",414300,0730
"湖南省","临澧县",415200,0736
"湖南省","云溪区",414000,0730
"湖南省","会同县",418300,0745
"湖南省","保靖县",416500,0743
"湖南省","冷水江市",417500,0738
"湖南省","冷水滩区",425000,0746
"湖南省","凤凰县",416200,0743
"湖南省","北塔区",422000,0739
"湖南省","北湖区",423000,0735
"湖南省","华容县",414200,0730
"湖南省","南县",413200,0737
"湖南省","南岳区",421900,0734
"湖南省","双峰县",417700,0738
"湖南省","双清区",422000,0739
"湖南省","双牌县",425200,0746
"湖南省","古丈县",416300,0743
"湖南省","吉首市",416000,0743
"湖南省","君山区",414000,0730
"湖南省","嘉禾县",424500,0735
"湖南省","城步苗族自治县",422500,0739
"湖南省","大祥区",422000,0739
"湖南省","天元区",412000,0731
"湖南省","天心区",410000,0731
"湖南省","宁乡市",410600,0731
"湖南省","宁远县",425600,0746
"湖南省","安仁县",423600,0735
"湖南省","安化县",413500,0737
"湖南省","安乡县",415600,0736
"湖南省","宜章县",424200,0735
"湖南省","岳塘区",411100,0731
"湖南省","岳阳县",414100,0730
"湖南省","岳阳楼区",414000,0730
"湖南省","岳麓区",410000,0731
"湖南省","常宁市",421500,0734
"湖南省","平江县",414500,0730
"湖南省","开福区",410000,0731
"湖南省","慈利县",427200,0744
"湖南省","攸县",412300,0733
"湖南省","新化县",417600,0738
"湖南省","新宁县",422700,0739
"湖南省","新晃侗族自治县",419200,0745
"湖南省","新田县",425700,0746
"湖南省","新邵县",422900,0739
"湖南省","望城区",410200,0731
"湖南省","桂东县",423500,0735
"湖南省","桂阳县",424400,0735
"湖南省","桃江县",413400,0737
"湖南省","桃源县",415700,0736
"湖南省","桑植县",427100,0744
"湖南省","武冈市",422400,0739
"湖南省","武陵区",415000,0736
"湖南省","武陵源区",427400,0744
"湖南省","永兴县",423300,0735
"湖南省","永定区",427300,0744
"湖南省","永顺县",416700,0743
"湖南省","汉寿县",415900,0736
"湖南省","汝城县",424100,0735
"湖南省","江华瑶族自治县",425500,0746
"湖南省","江永县",425400,0746
"湖南省","汨罗市",414400,0730
"湖南省","沅江市",413100,0737
"湖南省","沅陵县",419600,0745
"湖南省","泸溪县",416100,0743
"湖南省","洞口县",422300,0739
"湖南省","津市市",415400,0736
"湖南省","洪江市",418100,0745
"湖南省","浏阳市",410300,0731
"湖南省","涟源市",417100,0738
"湖南省","渌口区",412000,0731
"湖南省","湘乡市",411400,0731
"湖南省","湘潭县",411200,0731
"湖南省","湘阴县",414600,0730
"湖南省","溆浦县",419300,0745
"湖南省","澧县",415500,0736
"湖南省","炎陵县",412500,0731
"湖南省","蒸湘区",421000,0734
"湖南省","珠晖区",421000,0734
"湖南省","石峰区",412000,0731
"湖南省","石门县",415300,0736
"湖南省","石鼓区",421000,0734
"湖南省","祁东县",421600,0734
"湖南省","祁阳市",426100,0746
"湖南省","娄星区",417000,0738
"湖南省","绥宁县",422600,0739
"湖南省","耒阳市",421800,0734
"湖南省","芙蓉区",410000,0731
"湖南省","芦淞区",412000,0731
"湖南省","花垣县",416400,0743
"湖南省","芷江侗族自治县",419100,0745
"湖南省","苏仙区",423000,0735
"湖南省","茶陵县",412400,0731
"湖南省","荷塘区",412000,0731
"湖南省","蓝山县",425800,0746
"湖南省","衡东县",421400,0734
"湖南省","衡南县",421100,0734
"湖南省","衡山县",421300,0734
"湖南省","衡阳县",421200,0734
"湖南省","资兴市",423400,0735
"湖南省","资阳区",413000,0737
"湖南省","赫山区",413000,0737
"湖南省","辰溪县",419500,0745
"湖南省","通道侗族自治县",418500,0745
"湖南省","道县",425300,0746
"湖南省","邵东市",422800,0739
"湖南省","邵阳县",422100,0739
"湖南省","醴陵市",412200,0731
"湖南省","长沙县",410100,0731
"湖南省","隆回县",422200,0739
"湖南省","雁峰区",421000,0734
"湖南省","雨湖区",411100,0731
"湖南省","雨花区",410000,0731
"湖南省","零陵区",425100,0746
"湖南省","靖州苗族侗族自治县",418400,0745
"湖南省","韶山市",411300,0731
"湖南省","鹤城区",418000,0745
"湖南省","麻阳苗族自治县",419400,0745
"湖南省","鼎城区",415100,0736
"湖南省","龙山县",416800,0743
"甘肃省","七里河区",730000,0931
"甘肃省","东乡族自治县",731400,0930
"甘肃省","两当县",742400,0939
"甘肃省","临夏县",731800,0930
"甘肃省","临夏市",731800,0930
"甘肃省","临泽县",734200,0936
"甘肃省","临洮县",730500,0932
"甘肃省","临潭县",747500,0941
"甘肃省","会宁县",730700,0943
"甘肃省","凉州区",733000,0935
"甘肃省","华亭市",744100,0933
"甘肃省","华池县",745600,0934
"甘肃省","卓尼县",747600,0941
"甘肃省","古浪县",733100,0935
"甘肃省","合作市",747000,0941
"甘肃省","合水县",745400,0934
"甘肃省","和政县",731200,0930
"甘肃省","城关区",730000,0931
"甘肃省","夏河县",747100,0941
"甘肃省","天祝藏族自治县",733200,0935
"甘肃省","宁县",745200,0934
"甘肃省","安宁区",730000,0931
"甘肃省","安定区",743000,0932
"甘肃省","宕昌县",748500,0939
"甘肃省","山丹县",734100,0936
"甘肃省","岷县",748400,0932
"甘肃省","崆峒区",744000,0933
"甘肃省","崇信县",744200,0933
"甘肃省","市辖区",735100,0937
"甘肃省","平川区",730900,0943
"甘肃省","广河县",731300,0930
"甘肃省","庄浪县",744600,0933
"甘肃省","庆城县",745100,0934
"甘肃省","康乐县",731500,0930
"甘肃省","康县",746500,0939
"甘肃省","张家川回族自治县",741500,0938
"甘肃省","徽县",742300,0939
"甘肃省","成县",742500,0939
"甘肃省","敦煌市",736200,0937
"甘肃省","文县",746400,0939
"甘肃省","景泰县",730400,0943
"甘肃省","榆中县",730100,0931
"甘肃省","正宁县",745300,0934
"甘肃省","武山县",741300,0938
"甘肃省","武都区",746000,0939
"甘肃省","民乐县",734500,0936
"甘肃省","民勤县",733300,0935
"甘肃省","永昌县",737200,0935
"甘肃省","永登县",730300,0931
"甘肃省","永靖县",731600,0930
"甘肃省","泾川县",744300,0933
"甘肃省","清水县",741400,0938
"甘肃省","渭源县",748200,0932
"甘肃省","漳县",748300,0932
"甘肃省","灵台县",744400,0933
"甘肃省","玉门市",735200,0937
"甘肃省","玛曲县",747300,0941
"甘肃省","环县",745700,0934
"甘肃省","瓜州县",736100,0937
"甘肃省","甘州区",734000,0936
"甘肃省","甘谷县",741200,0938
"甘肃省","白银区",730900,0943
"甘肃省","皋兰县",730200,0931
"甘肃省","碌曲县",747200,0941
"甘肃省","礼县",742200,0939
"甘肃省","秦安县",741600,0938
"甘肃省","秦州区",741000,0938
"甘肃省","积石山保安族东乡族撒拉族自治县",731700,0930
"甘肃省","红古区",730000,0931
"甘肃省","肃北蒙古族自治县",736300,0937
"甘肃省","肃南裕固族自治县",734400,0936
"甘肃省","肃州区",735000,0937
"甘肃省","舟曲县",746300,0941
"甘肃省","西和县",742100,0939
"甘肃省","西固区",730000,0931
"甘肃省","西峰区",745000,0934
"甘肃省","迭部县",747400,0941
"甘肃省","通渭县",743300,0932
"甘肃省","金塔县",735300,0937
"甘肃省","金川区",737100,0935
"甘肃省","镇原县",744500,0934
"甘肃省","阿克塞哈萨克族自治县",736400,0937
"甘肃省","陇西县",748100,0932
"甘肃省","靖远县",730600,0943
"甘肃省","静宁县",743400,0933
"甘肃省","高台县",734300,0936
"甘肃省","麦积区",741000,0938
"福建省","三元区",365000,0598
"福建省","上杭县",364200,0597
"福建省","东山县",363400,0596
"福建省","丰泽区",362000,0595
"福建省","云霄县",363300,0596
"福建省","仓山区",350000,0591
"福建省","仙游县",351200,0594
"福建省","光泽县",354100,0599
"福建省","华安县",363800,0596
"福建省","南安市",362300,0595
"福建省","南靖县",363600,0596
"福建省","古田县",352200,0593
"福建省","台江区",350000,0591
"福建省","同安区",361100,0592
"福建省","周宁县",355400,0593
"福建省","城厢区",351100,0594
"福建省","大田县",366100,0598
"福建省","宁化县",365400,0598
"福建省","安溪县",362400,0595
"福建省","寿宁县",355500,0593
"福建省","将乐县",353300,0598
"福建省","尤溪县",365100,0598
"福建省","屏南县",352300,0593
"福建省","平和县",363700,0596
"福建省","平潭县",350400,0591
"福建省","延平区",353000,0599
"福建省","建宁县",354500,0598
"福建省","建瓯市",353100,0599
"福建省","建阳区",354200,0599
"福建省","德化县",362500,0595
"福建省","思明区",361000,0592
"福建省","惠安县",362100,0595
"福建省","政和县",353600,0599
"福建省","新罗区",364000,0597
"福建省","明溪县",365200,0598
"福建省","晋安区",350000,0591
"福建省","晋江市",362200,0595
"福建省","松溪县",353500,0599
"福建省","柘荣县",355300,0593
"福建省","武夷山市",354300,0599
"福建省","武平县",364300,0597
"福建省","永安市",366000,0598
"福建省","永定区",364100,0597
"福建省","永春县",362600,0595
"福建省","永泰县",350700,0591
"福建省","沙县区",365500,0598
"福建省","泉港区",362800,0595
"福建省","泰宁县",354400,0598
"福建省","洛江区",362000,0595
"福建省","浦城县",353400,0599
"福建省","海沧区",361000,0592
"福建省","涵江区",351100,0594
"福建省","清流县",365300,0598
"福建省","湖里区",361000,0592
"福建省","漳平市",364400,0597
"福建省","漳浦县",363200,0596
"福建省","石狮市",362700,0595
"福建省","福安市",355000,0593
"福建省","福清市",350300,0591
"福建省","福鼎市",355200,0593
"福建省","秀屿区",351100,0594
"福建省","罗源县",350600,0591
"福建省","翔安区",361100,0592
"福建省","芗城区",363000,0596
"福建省","荔城区",351100,0594
"福建省","蕉城区",352100,0593
"福建省","诏安县",363500,0596
"福建省","连城县",366200,0597
"福建省","连江县",350500,0591
"福建省","邵武市",354000,0599
"福建省","金门县",362000,0595
"福建省","长乐区",350200,0591
"福建省","长汀县",366300,0597
"福建省","长泰区",363900,0596
"福建省","闽侯县",350100,0591
"福建省","闽清县",350800,0591
"福建省","集美区",361000,0592
"福建省","霞浦县",355100,0593
"福建省","顺昌县",353200,0599
"福建省","马尾区",350000,0591
"福建省","鲤城区",362000,0595
"福建省","鼓楼区",350000,0591
"福建省","龙文区",363000,0596
"福建省","龙海区",363100,0596
"西藏自治区","丁青县",855700,0895
"西藏自治区","乃东区",856100,0893
"西藏自治区","亚东县",857600,0892
"西藏自治区","仁布县",857200,0892
"西藏自治区","仲巴县",858800,0892
"西藏自治区","八宿县",854600,0895
"西藏自治区","加查县",856400,0893
"西藏自治区","南木林县",857100,0892
"西藏自治区","卡若区",854000,0895
"西藏自治区","双湖县",859000,0897
"西藏自治区","吉隆县",858700,0892
"西藏自治区","嘉黎县",852400,0896
"西藏自治区","噶尔县",859400,0897
"西藏自治区","城关区",850000,0891
"西藏自治区","堆龙德庆区",851400,0891
"西藏自治区","安多县",853400,0896
"西藏自治区","定日县",858200,0892
"西藏自治区","定结县",857900,0892
"西藏自治区","察隅县",860600,0894
"西藏自治区","察雅县",854300,0895
"西藏自治区","尼木县",851300,0891
"西藏自治区","尼玛县",853200,0896
"西藏自治区","岗巴县",857700,0892
"西藏自治区","工布江达县",860200,0894
"西藏自治区","左贡县",854400,0895
"西藏自治区","巴宜区",860100,0894
"西藏自治区","巴青县",852100,0896
"西藏自治区","康马县",857500,0892
"西藏自治区","当雄县",851500,0891
"西藏自治区","扎囊县",850800,0893
"西藏自治区","拉孜县",858100,0892
"西藏自治区","措勤县",859300,0897
"西藏自治区","措美县",856900,0893
"西藏自治区","改则县",859200,0897
"西藏自治区","日土县",859700,0897
"西藏自治区","昂仁县",858500,0892
"西藏自治区","普兰县",859500,0897
"西藏自治区","曲松县",856300,0893
"西藏自治区","曲水县",850600,0891
"西藏自治区","朗县",860400,0894
"西藏自治区","札达县",859600,0897
"西藏自治区","林周县",851600,0891
"西藏自治区","桑日县",856200,0893
"西藏自治区","桑珠孜区",857000,0892
"西藏自治区","比如县",852300,0896
"西藏自治区","江孜县",857400,0892
"西藏自治区","江达县",854100,0895
"西藏自治区","波密县",860300,0894
"西藏自治区","洛扎县",851200,0893
"西藏自治区","洛隆县",855400,0895
"西藏自治区","浪卡子县",851100,0893
"西藏自治区","班戈县",852500,0896
"西藏自治区","琼结县",856800,0893
"西藏自治区","申扎县",853100,0896
"西藏自治区","白朗县",857300,0892
"西藏自治区","米林市",860500,0894
"西藏自治区","类乌齐县",855600,0895
"西藏自治区","索县",852200,0896
"西藏自治区","聂拉木县",858300,0892
"西藏自治区","聂荣县",853500,0896
"西藏自治区","色尼区",852000,0896
"西藏自治区","芒康县",854500,0895
"西藏自治区","萨嘎县",858600,0892
"西藏自治区","萨迦县",857800,0892
"西藏自治区","谢通门县",858900,0892
"西藏自治区","贡嘎县",850700,0893
"西藏自治区","贡觉县",854200,0895
"西藏自治区","边坝县",855500,0895
"西藏自治区","达孜区",850100,0891
"西藏自治区","错那市",856700,0893
"西藏自治区","隆子县",856600,0893
"西藏自治区","革吉县",859100,0897
"西藏自治区","墨竹工卡县",850200,0891
"西藏自治区","墨脱县",860700,0894
"贵州省","七星关区",551700,0857
"贵州省","万山区",554200,0856
"贵州省","三穗县",556500,0855
"贵州省","三都水族自治县",558100,0854
"贵州省","丹寨县",557500,0855
"贵州省","乌当区",550000,0851
"贵州省","习水县",564600,0851
"贵州省","云岩区",550000,0851
"贵州省","仁怀市",564500,0851
"贵州省","从江县",557400,0855
"贵州省","余庆县",564400,0851
"贵州省","修文县",550200,0851
"贵州省","六枝特区",553400,0858
"贵州省","关岭布依族苗族自治县",561300,0851
"贵州省","兴义市",562400,0859
"贵州省","兴仁市",562300,0859
"贵州省","册亨县",552200,0859
"贵州省","凤冈县",564200,0851
"贵州省","凯里市",556000,0855
"贵州省","剑河县",556400,0855
"贵州省","务川仡佬族苗族自治县",564300,0851
"贵州省","南明区",550000,0851
"贵州省","印江土家族苗族自治县",555200,0856
"贵州省","台江县",556300,0855
"贵州省","大方县",551600,0857
"贵州省","天柱县",556600,0855
"贵州省","威宁彝族回族苗族自治县",553100,0857
"贵州省","安龙县",552400,0859
"贵州省","岑巩县",557800,0855
"贵州省","平坝区",561100,0851
"贵州省","平塘县",558300,0854
"贵州省","开阳县",550300,0851
"贵州省","德江县",565200,0856
"贵州省","思南县",565100,0856
"贵州省","息烽县",551100,0851
"贵州省","惠水县",550600,0854
"贵州省","播州区",562400,0859
"贵州省","施秉县",556200,0855
"贵州省","普安县",561500,0859
"贵州省","普定县",562100,0851
"贵州省","晴隆县",561400,0859
"贵州省","望谟县",552300,0859
"贵州省","松桃苗族自治县",554100,0856
"贵州省","桐梓县",563200,0851
"贵州省","榕江县",557200,0855
"贵州省","正安县",563400,0851
"贵州省","水城区",553000,0858
"贵州省","汇川区",563100,0851
"贵州省","江口县",554400,0856
"贵州省","沿河土家族自治县",565300,0856
"贵州省","清镇市",551400,0851
"贵州省","湄潭县",564100,0851
"贵州省","独山县",558200,0854
"贵州省","玉屏侗族自治县",554000,0856
"贵州省","瓮安县",550400,0854
"贵州省","白云区",550000,0851
"贵州省","盘州市",553500,0858
"贵州省","石阡县",555100,0856
"贵州省","碧江区",554300,0856
"贵州省","福泉市",550500,0854
"贵州省","红花岗区",563000,0851
"贵州省","纳雍县",553300,0857
"贵州省","紫云苗族布依族自治县",550800,0851
"贵州省","织金县",552100,0857
"贵州省","绥阳县",563300,0851
"贵州省","罗甸县",550100,0854
"贵州省","花溪区",550000,0851
"贵州省","荔波县",558400,0854
"贵州省","西秀区",561000,0851
"贵州省","观山湖区",550000,0851
"贵州省","贞丰县",562200,0859
"贵州省","贵定县",551300,0854
"贵州省","赤水市",564700,0851
"贵州省","赫章县",553200,0857
"贵州省","道真仡佬族苗族自治县",563500,0851
"贵州省","都匀市",558000,0854
"贵州省","金沙县",551800,0857
"贵州省","钟山区",553000,0858
"贵州省","锦屏县",556700,0855
"贵州省","镇宁布依族苗族自治县",561200,0851
"贵州省","镇远县",557700,0855
"贵州省","长顺县",550700,0854
"贵州省","雷山县",557100,0855
"贵州省","麻江县",557600,0855
"贵州省","黄平县",556100,0855
"贵州省","黎平县",557300,0855
"贵州省","黔西市",551500,0857
"贵州省","龙里县",551200,0854
"辽宁省","东洲区",113000,024
"辽宁省","东港市",118300,0415
"辽宁省","中山区",116000,0411
"辽宁省","义县",121100,0416
"辽宁省","于洪区",110100,024
"辽宁省","元宝区",118000,0415
"辽宁省","兴城市",125100,0429
"辽宁省","兴隆台区",124100,0427
"辽宁省","凌河区",121000,0416
"辽宁省","凌海市",121200,0416
"辽宁省","凌源市",122500,0421
"辽宁省","凤城市",118100,0415
"辽宁省","北票市",122100,0421
"辽宁省","北镇市",121300,0416
"辽宁省","千山区",114000,0412
"辽宁省","南票区",125000,0429
"辽宁省","南芬区",117000,024
"辽宁省","双台子区",124000,0427
"辽宁省","双塔区",122000,0421
"辽宁省","古塔区",121000,0416
"辽宁省","台安县",114100,0412
"辽宁省","和平区",110100,024
"辽宁省","喀喇沁左翼蒙古族自治县",122300,0421
"辽宁省","大东区",110000,024
"辽宁省","大洼区",124200,0427
"辽宁省","大石桥市",115100,0417
"辽宁省","太和区",121000,0416
"辽宁省","太子河区",111000,0419
"辽宁省","太平区",123000,0418
"辽宁省","宏伟区",111000,0419
"辽宁省","宽甸满族自治县",118200,0415
"辽宁省","岫岩满族自治县",114300,0412
"辽宁省","平山区",117000,024
"辽宁省","庄河市",116400,0411
"辽宁省","康平县",110500,024
"辽宁省","建平县",122400,0421
"辽宁省","建昌县",125300,0429
"辽宁省","开原市",112300,024
"辽宁省","弓长岭区",111000,0419
"辽宁省","彰武县",123200,0418
"辽宁省","抚顺县",113100,024
"辽宁省","振兴区",118000,0415
"辽宁省","振安区",118000,0415
"辽宁省","文圣区",111000,0419
"辽宁省","新宾满族自治县",113200,024
"辽宁省","新抚区",113000,024
"辽宁省","新民市",110300,024
"辽宁省","新邱区",123000,0418
"辽宁省","旅顺口区",116000,0411
"辽宁省","昌图县",112500,024
"辽宁省","明山区",117000,024
"辽宁省","普兰店区",116200,0411
"辽宁省","望花区",113000,024
"辽宁省","朝阳县",122600,0421
"辽宁省","本溪满族自治县",117100,024
"辽宁省","桓仁满族自治县",117200,024
"辽宁省","沈北新区",110100,024
"辽宁省","沈河区",110000,024
"辽宁省","沙河口区",116000,0411
"辽宁省","法库县",110400,024
"辽宁省","浑南区",110100,024
"辽宁省","海城市",114200,0412
"辽宁省","海州区",123000,0418
"辽宁省","清原满族自治县",113300,024
"辽宁省","清河区",112000,024
"辽宁省","清河门区",123000,0418
"辽宁省","溪湖区",117000,024
"辽宁省","灯塔市",111300,0419
"辽宁省","瓦房店市",116300,0411
"辽宁省","甘井子区",116000,0411
"辽宁省","白塔区",111000,0419
"辽宁省","皇姑区",110000,024
"辽宁省","盖州市",115200,0417
"辽宁省","盘山县",124100,0427
"辽宁省","立山区",114000,0412
"辽宁省","站前区",115000,0417
"辽宁省","细河区",123000,0418
"辽宁省","绥中县",125200,0429
"辽宁省","老边区",115000,0417
"辽宁省","苏家屯区",110100,024
"辽宁省","西丰县",112400,024
"辽宁省","西岗区",116000,0411
"辽宁省","西市区",115000,0417
"辽宁省","调兵山市",112700,024
"辽宁省","辽中区",110200,024
"辽宁省","辽阳县",111200,0419
"辽宁省","连山区",125000,0429
"辽宁省","金州区",116100,0411
"辽宁省","铁东区",114000,0412
"辽宁省","铁岭县",112600,024
"辽宁省","铁西区",110000,024
"辽宁省","铁西区",114000,0412
"辽宁省","银州区",112000,024
"辽宁省","长海县",116500,0411
"辽宁省","阜新蒙古族自治县",123100,0418
"辽宁省","顺城区",113000,024
"辽宁省","鲅鱼圈区",115000,0417
"辽宁省","黑山县",121400,0416
"辽宁省","龙城区",122000,0421
"辽宁省","龙港区",125000,0429
"重庆市","万州区",404100,023
"重庆市","丰都县",408200,023
"重庆市","九龙坡区",400000,023
"重庆市","云阳县",404500,023
"重庆市","北碚区",400700,023
"重庆市","南岸区",400000,023
"重庆市","南川区",404000,023
"重庆市","合川区",404000,023
"重庆市","垫江县",408300,023
"重庆市","城口县",405900,023
"重庆市","大渡口区",400000,023
"重庆市","大足区",404000,023
"重庆市","奉节县",404600,023
"重庆市","巫山县",404700,023
"重庆市","巫溪县",405800,023
"重庆市","巴南区",401300,023
"重庆市","开州区",404000,023
"重庆市","彭水苗族土家族自治县",409600,023
"重庆市","忠县",404300,023
"重庆市","梁平区",404000,023
"重庆市","武隆区",404000,023
"重庆市","永川区",404000,023
"重庆市","江北区",400000,023
"重庆市","江津区",404000,023
"重庆市","沙坪坝区",400000,023
"重庆市","涪陵区",408000,023
"重庆市","渝中区",400000,023
"重庆市","渝北区",401100,023
"重庆市","潼南区",404000,023
"重庆市","璧山区",404000,023
"重庆市","石柱土家族自治县",409100,023
"重庆市","秀山土家族苗族自治县",409900,023
"重庆市","綦江区",404000,023
"重庆市","荣昌区",402400,023
"重庆市","酉阳土家族苗族自治县",409800,023
"重庆市","铜梁区",404000,023
"重庆市","长寿区",401200,023
"重庆市","黔江区",409000,023
"陕西省","三原县",713800,029
"陕西省","临渭区",714000,0913
"陕西省","临潼区",710600,029
"陕西省","丹凤县",726200,0914
"陕西省","乾县",713300,029
"陕西省","佛坪县",723400,0916
"陕西省","佳县",719200,0912
"陕西省","兴平市",713100,029
"陕西省","凤县",721700,0917
"陕西省","凤翔区",721400,0917
"陕西省","勉县",724200,0916
"陕西省","千阳县",721100,0917
"陕西省","华州区",714100,0913
"陕西省","华阴市",714200,0913
"陕西省","南郑区",723100,0916
"陕西省","印台区",727000,0919
"陕西省","合阳县",715300,0913
"陕西省","吴堡县",718200,0912
"陕西省","吴起县",717600,0911
"陕西省","周至县",710400,029
"陕西省","商南县",726300,0914
"陕西省","商州区",726000,0914
"陕西省","城固县",723200,0916
"陕西省","大荔县",715100,0913
"陕西省","太白县",721600,0917
"陕西省","子洲县",718400,0912
"陕西省","子长市",717300,0911
"陕西省","宁强县",724400,0916
"陕西省","宁陕县",711600,0915
"陕西省","安塞区",717400,0911
"陕西省","定边县",718600,0912
"陕西省","宜君县",727200,0919
"陕西省","宜川县",716200,0911
"陕西省","宝塔区",716000,0911
"陕西省","富县",727500,0911
"陕西省","富平县",711700,0913
"陕西省","山阳县",726400,0914
"陕西省","岐山县",722400,0917
"陕西省","岚皋县",725400,0915
"陕西省","平利县",725500,0915
"陕西省","府谷县",719400,0912
"陕西省","延川县",717200,0911
"陕西省","延长县",717100,0911
"陕西省","彬州市",713500,029
"陕西省","志丹县",717500,0911
"陕西省","扶风县",722200,0917
"陕西省","新城区",710000,029
"陕西省","旬邑县",711300,029
"陕西省","旬阳市",725700,0915
"陕西省","未央区",710000,029
"陕西省","杨陵区",712100,029
"陕西省","柞水县",711400,0914
"陕西省","榆阳区",719000,0912
"陕西省","横山区",719100,0912
"陕西省","武功县",712200,029
"陕西省","永寿县",713400,029
"陕西省","汉台区",723000,0916
"陕西省","汉滨区",725000,0915
"陕西省","汉阴县",725100,0915
"陕西省","泾阳县",713700,029
"陕西省","洋县",723300,0916
"陕西省","洛南县",726100,0914
"陕西省","洛川县",727400,0911
"陕西省","淳化县",711200,029
"陕西省","清涧县",718300,0912
"陕西省","渭城区",712000,029
"陕西省","渭滨区",721000,0917
"陕西省","潼关县",714300,0913
"陕西省","澄城县",715200,0913
"陕西省","灞桥区",710000,029
"陕西省","王益区",727000,0919
"陕西省","甘泉县",716100,0911
"陕西省","留坝县",724100,0916
"陕西省","略阳县",724300,0916
"陕西省","白水县",715600,0913
"陕西省","白河县",725800,0915
"陕西省","眉县",722300,0917
"陕西省","石泉县",725200,0915
"陕西省","碑林区",710000,029
"陕西省","礼泉县",713200,029
"陕西省","神木市",719300,0912
"陕西省","秦都区",712000,029
"陕西省","米脂县",718100,0912
"陕西省","紫阳县",725300,0915
"陕西省","绥德县",718000,0912
"陕西省","耀州区",727100,0919
"陕西省","莲湖区",710000,029
"陕西省","蒲城县",715500,0913
"陕西省","蓝田县",710500,029
"陕西省","西乡县",723500,0916
"陕西省","鄠邑区",710300,029
"陕西省","金台区",721000,0917
"陕西省","镇坪县",725600,0915
"陕西省","镇安县",711500,0914
"陕西省","镇巴县",723600,0916
"陕西省","长安区",710100,029
"陕西省","长武县",713600,029
"陕西省","阎良区",710000,029
"陕西省","陇县",721200,0917
"陕西省","陈仓区",721300,0917
"陕西省","雁塔区",710000,029
"陕西省","靖边县",718500,0912
"陕西省","韩城市",715400,0913
"陕西省","高陵区",710200,029
"陕西省","麟游县",721500,0917
"陕西省","黄陵县",727300,0911
"陕西省","黄龙县",715700,0911
"青海省","久治县",814400,0975
"青海省","乌兰县",817100,0977
"青海省","乐都区",810700,0972
"青海省","互助土族自治县",810500,0972
"青海省","共和县",813000,0974
"青海省","兴海县",813300,0974
"青海省","刚察县",812300,0970
"青海省","化隆回族自治县",810900,0972
"青海省","同仁市",811300,0973
"青海省","同德县",813200,0974
"青海省","囊谦县",815200,0976
"青海省","城东区",810000,0971
"青海省","城中区",810000,0971
"青海省","城北区",810000,0971
"青海省","城西区",810000,0971
"青海省","大通回族土族自治县",810100,0971
"青海省","天峻县",817200,0977
"青海省","尖扎县",811200,0973
"青海省","平安区",810600,0972
"青海省","循化撒拉族自治县",811100,0972
"青海省","德令哈市",817000,0977
"青海省","曲麻莱县",815500,0976
"青海省","杂多县",815300,0976
"青海省","格尔木市",816000,0979
"青海省","民和回族土族自治县",810800,0972
"青海省","河南蒙古族自治县",811500,0973
"青海省","治多县",815400,0976
"青海省","泽库县",811400,0973
"青海省","海晏县",812200,0970
"青海省","湟中区",811600,0972
"青海省","湟源县",812100,0971
"青海省","玉树市",815000,0976
"青海省","玛多县",813500,0975
"青海省","玛沁县",814000,0975
"青海省","班玛县",814300,0975
"青海省","甘德县",814100,0975
"青海省","祁连县",810400,0970
"青海省","称多县",815100,0976
"青海省","茫崖市",817000,0977
"青海省","贵南县",813100,0974
"青海省","贵德县",811700,0974
"青海省","达日县",814200,0975
"青海省","都兰县",816100,0977
"青海省","门源回族自治县",810300,0970
"黑龙江省","东宁市",157200,0453
"黑龙江省","东安区",157000,0453
"黑龙江省","东山区",154100,0468
"黑龙江省","东风区",154000,0454
"黑龙江省","丰林县",153000,0458
"黑龙江省","乌翠区",153000,0458
"黑龙江省","五大连池市",164100,0456
"黑龙江省","五常市",150200,0451
"黑龙江省","伊美区",153000,0458
"黑龙江省","依兰县",154800,0451
"黑龙江省","依安县",161500,0452
"黑龙江省","克东县",164800,0452
"黑龙江省","克山县",161600,0452
"黑龙江省","兰西县",151500,0455
"黑龙江省","兴安区",154100,0468
"黑龙江省","兴山区",154100,0468
"黑龙江省","前进区",154000,0454
"黑龙江省","加格达奇区",165000,0457
"黑龙江省","勃利县",154500,0464
"黑龙江省","北安市",164000,0456
"黑龙江省","北林区",152000,0455
"黑龙江省","南山区",154100,0468
"黑龙江省","南岔县",153100,0458
"黑龙江省","南岗区",150000,0451
"黑龙江省","友好区",153000,0458
"黑龙江省","友谊县",155800,0469
"黑龙江省","双城区",150100,0451
"黑龙江省","同江市",156400,0454
"黑龙江省","向阳区",154100,0468
"黑龙江省","向阳区",154000,0454
"黑龙江省","呼中区",165000,0457
"黑龙江省","呼兰区",150500,0451
"黑龙江省","呼玛县",165100,0457
"黑龙江省","嘉荫县",153200,0458
"黑龙江省","四方台区",155100,0469
"黑龙江省","城子河区",158100,0467
"黑龙江省","塔河县",165200,0457
"黑龙江省","大同区",163500,0459
"黑龙江省","大箐山县",153100,0458
"黑龙江省","嫩江市",161400,0456
"黑龙江省","孙吴县",164200,0456
"黑龙江省","宁安市",157400,0453
"黑龙江省","安达市",151400,0455
"黑龙江省","宝山区",155100,0469
"黑龙江省","宝清县",155600,0469
"黑龙江省","宾县",150400,0451
"黑龙江省","密山市",158300,0467
"黑龙江省","富拉尔基区",161000,0452
"黑龙江省","富裕县",161200,0452
"黑龙江省","富锦市",156300,0454
"黑龙江省","尖山区",155100,0469
"黑龙江省","尚志市",150600,0451
"黑龙江省","岭东区",155100,0469
"黑龙江省","工农区",154100,0468
"黑龙江省","巴彦县",151800,0451
"黑龙江省","平房区",150000,0451
"黑龙江省","庆安县",152400,0455
"黑龙江省","延寿县",150700,0451
"黑龙江省","建华区",161000,0452
"黑龙江省","恒山区",158100,0467
"黑龙江省","抚远市",156500,0454
"黑龙江省","拜泉县",164700,0452
"黑龙江省","新兴区",154600,0464
"黑龙江省","新林区",165023,0457
"黑龙江省","方正县",150800,0451
"黑龙江省","昂昂溪区",161000,0452
"黑龙江省","明水县",151700,0455
"黑龙江省","望奎县",152100,0455
"黑龙江省","木兰县",151900,0451
"黑龙江省","杜尔伯特蒙古族自治县",166200,0459
"黑龙江省","松北区",150000,0451
"黑龙江省","松岭区",165010,0457
"黑龙江省","林口县",157600,0453
"黑龙江省","林甸县",166300,0459
"黑龙江省","桃山区",154600,0464
"黑龙江省","桦南县",154400,0454
"黑龙江省","桦川县",154300,0454
"黑龙江省","梅里斯达斡尔族区",161000,0452
"黑龙江省","梨树区",158100,0467
"黑龙江省","汤原县",154700,0454
"黑龙江省","汤旺县",153000,0458
"黑龙江省","泰来县",162400,0452
"黑龙江省","海伦市",152300,0455
"黑龙江省","海林市",157100,0453
"黑龙江省","滴道区",158100,0467
"黑龙江省","漠河市",165300,0457
"黑龙江省","爱民区",157000,0453
"黑龙江省","爱辉区",164300,0456
"黑龙江省","甘南县",162100,0452
"黑龙江省","碾子山区",161000,0452
"黑龙江省","穆棱市",157500,0453
"黑龙江省","红岗区",163500,0459
"黑龙江省","绥棱县",152200,0455
"黑龙江省","绥滨县",156200,0468
"黑龙江省","绥芬河市",157300,0453
"黑龙江省","肇东市",151100,0455
"黑龙江省","肇州县",166400,0459
"黑龙江省","肇源县",166500,0459
"黑龙江省","茄子河区",154600,0464
"黑龙江省","萝北县",154200,0468
"黑龙江省","萨尔图区",163300,0459
"黑龙江省","虎林市",158400,0467
"黑龙江省","西安区",157000,0453
"黑龙江省","让胡路区",163400,0459
"黑龙江省","讷河市",161300,0452
"黑龙江省","逊克县",164400,0456
"黑龙江省","通河县",150900,0451
"黑龙江省","道外区",150000,0451
"黑龙江省","道里区",150000,0451
"黑龙江省","郊区",154000,0454
"黑龙江省","金林区",153000,0458
"黑龙江省","铁力市",152500,0458
"黑龙江省","铁锋区",161000,0452
"黑龙江省","阳明区",157000,0453
"黑龙江省","阿城区",150300,0451
"黑龙江省","集贤县",155900,0469
"黑龙江省","青冈县",151600,0455
"黑龙江省","饶河县",155700,0469
"黑龙江省","香坊区",150000,0451
"黑龙江省","鸡东县",158200,0467
"黑龙江省","鸡冠区",158100,0467
"黑龙江省","麻山区",158100,0467
"黑龙江省","龙凤区",163700,0459
"黑龙江省","龙江县",161100,0452
"黑龙江省","龙沙区",161100,0452
